0,NA_L3NAME,NA_L3CODE,5_1979_vpd,5_1980_vpd,5_1981_vpd,5_1982_vpd,5_1983_vpd,5_1984_vpd,5_1985_vpd,5_1986_vpd,5_1987_vpd,5_1988_vpd,5_1989_vpd,5_1990_vpd,5_1991_vpd,5_1992_vpd,5_1993_vpd,5_1994_vpd,5_1995_vpd,5_1996_vpd,5_1997_vpd,5_1998_vpd,5_1999_vpd,5_2000_vpd,5_2001_vpd,5_2002_vpd,5_2003_vpd,5_2004_vpd,5_2005_vpd,5_2006_vpd,5_2007_vpd,5_2008_vpd,5_2009_vpd,5_2010_vpd,5_2011_vpd,5_2012_vpd,5_2013_vpd,5_2014_vpd,5_2015_vpd,5_2016_vpd,5_2017_vpd,5_2018_vpd,5_2019_vpd,5_2020_vpd,5_2021_vpd,6_1979_vpd,6_1980_vpd,6_1981_vpd,6_1982_vpd,6_1983_vpd,6_1984_vpd,6_1985_vpd,6_1986_vpd,6_1987_vpd,6_1988_vpd,6_1989_vpd,6_1990_vpd,6_1991_vpd,6_1992_vpd,6_1993_vpd,6_1994_vpd,6_1995_vpd,6_1996_vpd,6_1997_vpd,6_1998_vpd,6_1999_vpd,6_2000_vpd,6_2001_vpd,6_2002_vpd,6_2003_vpd,6_2004_vpd,6_2005_vpd,6_2006_vpd,6_2007_vpd,6_2008_vpd,6_2009_vpd,6_2010_vpd,6_2011_vpd,6_2012_vpd,6_2013_vpd,6_2014_vpd,6_2015_vpd,6_2016_vpd,6_2017_vpd,6_2018_vpd,6_2019_vpd,6_2020_vpd,6_2021_vpd,7_1979_vpd,7_1980_vpd,7_1981_vpd,7_1982_vpd,7_1983_vpd,7_1984_vpd,7_1985_vpd,7_1986_vpd,7_1987_vpd,7_1988_vpd,7_1989_vpd,7_1990_vpd,7_1991_vpd,7_1992_vpd,7_1993_vpd,7_1994_vpd,7_1995_vpd,7_1996_vpd,7_1997_vpd,7_1998_vpd,7_1999_vpd,7_2000_vpd,7_2001_vpd,7_2002_vpd,7_2003_vpd,7_2004_vpd,7_2005_vpd,7_2006_vpd,7_2007_vpd,7_2008_vpd,7_2009_vpd,7_2010_vpd,7_2011_vpd,7_2012_vpd,7_2013_vpd,7_2014_vpd,7_2015_vpd,7_2016_vpd,7_2017_vpd,7_2018_vpd,7_2019_vpd,7_2020_vpd,7_2021_vpd,8_1979_vpd,8_1980_vpd,8_1981_vpd,8_1982_vpd,8_1983_vpd,8_1984_vpd,8_1985_vpd,8_1986_vpd,8_1987_vpd,8_1988_vpd,8_1989_vpd,8_1990_vpd,8_1991_vpd,8_1992_vpd,8_1993_vpd,8_1994_vpd,8_1995_vpd,8_1996_vpd,8_1997_vpd,8_1998_vpd,8_1999_vpd,8_2000_vpd,8_2001_vpd,8_2002_vpd,8_2003_vpd,8_2004_vpd,8_2005_vpd,8_2006_vpd,8_2007_vpd,8_2008_vpd,8_2009_vpd,8_2010_vpd,8_2011_vpd,8_2012_vpd,8_2013_vpd,8_2014_vpd,8_2015_vpd,8_2016_vpd,8_2017_vpd,8_2018_vpd,8_2019_vpd,8_2020_vpd,8_2021_vpd,9_1979_vpd,9_1980_vpd,9_1981_vpd,9_1982_vpd,9_1983_vpd,9_1984_vpd,9_1985_vpd,9_1986_vpd,9_1987_vpd,9_1988_vpd,9_1989_vpd,9_1990_vpd,9_1991_vpd,9_1992_vpd,9_1993_vpd,9_1994_vpd,9_1995_vpd,9_1996_vpd,9_1997_vpd,9_1998_vpd,9_1999_vpd,9_2000_vpd,9_2001_vpd,9_2002_vpd,9_2003_vpd,9_2004_vpd,9_2005_vpd,9_2006_vpd,9_2007_vpd,9_2008_vpd,9_2009_vpd,9_2010_vpd,9_2011_vpd,9_2012_vpd,9_2013_vpd,9_2014_vpd,9_2015_vpd,9_2016_vpd,9_2017_vpd,9_2018_vpd,9_2019_vpd,9_2020_vpd,9_2021_vpd
1,Middle Rockies,6.2.10,0.622451745,0.56704991,0.433367932,0.523776826,0.566709634,0.645884608,0.752118809,0.728914012,0.662650957,0.753834769,0.594364845,0.512491216,0.476298384,0.796210127,0.680117679,0.725553066,0.409914198,0.388349944,0.656571128,0.59584606,0.549398801,0.592839872,0.853632879,0.641464981,0.670802648,0.560086964,0.524069274,0.813240248,0.737547856,0.581393489,0.766388914,0.479873156,0.420534048,0.676521478,0.685731658,0.668703448,0.520134035,0.598145729,0.709943541,0.657168613,0.51553054,0.625879974,0.616046029,1.021627681,0.836642847,0.77245922,0.688766028,0.718629966,0.722010636,1.029065454,1.023258092,0.997207852,1.33304005,0.859673401,0.948804753,0.746090371,0.829758121,0.579303422,1.00391016,0.592057526,0.957028177,0.653144495,0.48198246,0.69941026,0.963913632,0.928877288,0.928974503,0.860226665,0.783784817,0.706999479,1.019738769,1.130096618,0.902660365,0.657275313,0.721652347,0.720244256,1.024841551,0.995399661,0.719993389,1.088465852,1.129310677,0.898771858,0.785724441,0.813770373,0.795266246,1.29317584,1.284929005,1.245421034,1.208746253,1.030234621,1.104767641,1.220420701,1.483966129,1.0391262,1.016055839,1.638301452,1.433678303,1.194813101,1.314729034,0.872308226,0.654116141,1.294109681,0.982028008,1.308610275,0.948822435,1.190746318,1.325211021,1.519277495,1.169867492,1.466611345,1.754658236,1.169517468,1.470385726,1.608135831,1.728205259,1.410637805,1.124428912,1.225421909,1.336247121,1.671568573,1.509720028,1.334146833,1.103944922,1.291914599,1.528629541,1.328715761,1.174440724,1.212265896,1.607524081,1.086834228,0.97458632,1.324768674,1.181249979,1.178795565,1.163573312,1.065451364,1.244927369,0.995776384,1.462338039,0.946313767,1.138452494,1.351280579,1.217328885,0.783074206,1.383559434,1.272676216,1.384961116,0.96919043,1.263242333,1.155128907,1.457604159,1.59698656,1.094316644,1.479127188,1.049351222,1.194567067,1.343607445,1.397947204,1.369195806,1.092135972,1.178360456,1.417660774,1.672500549,1.382317518,0.918173619,1.274837746,1.287875914,1.258583264,1.228857967,1.212995496,1.401751631,1.13928794,1.163403075,0.817377566,0.990822708,0.645260156,0.729217688,0.704108361,0.514747665,0.429190839,1.032968384,0.886896521,0.8421611,1.089115603,0.792911396,0.864881524,0.736375762,1.071882972,0.75695271,0.747096532,0.773626592,0.937219909,0.810380027,0.880898572,1.059198197,0.830303157,0.901414579,0.67392833,0.916277336,0.908530679,0.837483483,0.868597151,1.136962878,0.932701975,1.134192347,1.22374035,0.761490216,0.798353039,1.021072964,0.718411863,0.8399221,0.922774182,0.779695556,1.040994924,1.082409738
2,Wasatch and Uinta Mountains,6.2.13,0.740094815,0.563972959,0.594055405,0.689190452,0.645936046,0.97162908,0.792711763,0.804151551,0.655203155,0.798875095,0.836733744,0.778795845,0.650276051,0.798938412,0.801024194,0.90453558,0.443069017,0.851015551,0.837016692,0.668079381,0.724878838,1.007144573,0.999266376,1.040329309,0.978276704,0.890823383,0.673091761,1.009349843,0.975992303,0.760169034,0.885807513,0.604823677,0.512726655,0.957461355,0.843402495,0.870905164,0.590563637,0.667202489,0.796189878,0.898976286,0.567415061,0.977490573,0.933428183,1.333956978,1.309963069,1.327876447,1.086767854,0.961347328,0.995700959,1.329215361,1.320259359,1.224301497,1.357906546,1.115048088,1.391728124,1.09444856,1.105210306,0.922623645,1.540210369,0.834390938,1.367993464,1.043677078,0.860547494,1.122014732,1.38227511,1.479882835,1.639364575,1.248090315,1.236210921,0.950757888,1.515139777,1.602185561,1.335531865,0.89599033,1.155596361,1.063083711,1.470495109,1.525512947,1.267215012,1.425858472,1.461568126,1.412511543,1.501469197,1.051138839,1.207493785,1.66269106,1.580601479,1.493175861,1.494787473,1.267866554,1.249066714,1.115742775,1.383851611,1.220292244,1.220777087,1.652782229,1.673662163,1.375096461,1.43621021,1.303467986,1.24747805,1.737161232,1.348800481,1.540398531,1.351437627,1.422832283,1.284515735,1.90342401,1.522176976,1.896542622,2.049961933,1.499024933,1.797696745,1.55028613,1.742116769,1.621128949,1.551252555,1.449871895,1.321367219,1.462993933,1.52370437,1.408253495,1.20464816,1.577867699,1.471777895,1.667769795,1.529003748,1.657046336,1.587741291,1.218388559,1.277928681,1.362866948,1.16341003,0.979572129,0.97760901,1.533063413,1.265432166,1.137415676,1.362869388,1.193838655,1.317104989,1.204660584,1.390888933,1.077685573,1.480954075,1.434185748,1.592065352,1.081026826,1.350412358,1.078891954,1.429601438,1.49431974,1.680445651,1.334590482,1.28206668,1.160827815,1.316706951,1.460069717,1.502992116,1.500416182,1.173119653,1.417524115,1.521629052,1.090074691,0.882151061,1.235595663,1.359246655,1.297141731,1.488637078,1.521574691,1.889713107,1.360870566,1.336641238,1.011727958,1.00743656,0.679453637,0.905159086,0.896301367,0.73614481,0.69620038,1.081454012,1.017447995,1.051988547,1.005808826,0.873512487,1.071201584,1.051882445,1.102193332,1.043905194,0.857474041,0.648408553,0.844572375,0.950149634,1.126016645,1.356034899,0.907291038,1.175334549,0.96210831,1.046785001,0.954130517,1.010465469,1.108952807,1.166170849,1.304750279,1.073237073,1.18135969,0.576077609,0.906132635,1.182794808,0.929484232,0.888263088,1.39062679,1.036020739,1.340474691,1.152970894
3,Idaho Batholith,6.2.15,0.665518944,0.514937901,0.427671925,0.55422903,0.625254772,0.541866287,0.682215969,0.754290546,0.719844691,0.659703332,0.544664721,0.479131402,0.450974345,0.929807616,0.779649193,0.659676965,0.453977736,0.381730921,0.710681738,0.43196682,0.566100307,0.551249876,0.900265696,0.682333261,0.696996367,0.519539623,0.502950692,0.812150755,0.779459659,0.673617454,0.773428532,0.471440059,0.465798061,0.625646358,0.668710917,0.713386372,0.643922575,0.668414468,0.749738643,0.678606649,0.629998,0.6712017,0.669736558,1.056671049,0.729357384,0.734015456,0.76815577,0.73399181,0.661281118,1.053636523,1.111168672,1.03895988,1.113741889,0.897836363,0.895768025,0.680240308,0.987161312,0.619207168,1.003578532,0.553388252,0.89750343,0.655966005,0.511958679,0.719580733,1.047461401,0.934102157,0.918049157,1.055638779,0.946545992,0.671651371,0.966895596,1.07396368,0.955588678,0.698030638,0.706272481,0.692182396,0.850723867,0.956668595,0.831657922,1.304324042,1.123681267,0.937383146,0.817460362,0.898196012,0.772035402,1.330985783,1.454872943,1.228178814,1.239656946,1.038944507,1.030083078,1.280049243,1.704847429,1.084953856,1.041510505,1.556991403,1.501579968,1.340449495,1.395199444,0.99455075,0.697204802,1.477599815,0.9643897,1.453753184,0.991996308,1.232461458,1.400474279,1.549662853,1.156682084,1.594224837,1.8122068,1.34415209,1.508435324,1.681688453,1.850294018,1.490227237,1.418065746,1.291438495,1.27537125,1.579464585,1.670779168,1.587517185,1.295826528,1.265748892,1.658415209,1.588879678,1.289628439,1.281957391,1.788990306,1.183568181,1.062912104,1.57656227,1.28597759,1.217065628,1.250855998,1.070105705,1.502412557,1.212778642,1.475924765,0.969998774,1.171870987,1.47774584,1.464949042,0.871564604,1.498256388,1.146570131,1.393511992,1.187342583,1.449484078,1.207169831,1.578732443,1.710736816,1.214086264,1.537610663,1.16342176,1.485997562,1.403353938,1.522557012,1.395034075,1.173624822,1.22687044,1.446656548,1.684318734,1.515153825,1.077194355,1.51612619,1.41167607,1.522939298,1.426103755,1.422317116,1.41800896,1.208755757,1.142171411,0.797366522,0.983233745,0.689142504,0.746435667,0.742227544,0.493597358,0.438546401,1.211244589,0.971866679,0.878784903,1.22306273,1.003227799,0.84990897,0.984753633,1.0967856,0.88670156,0.739181152,0.804402146,0.85387553,1.037256516,0.773940556,1.12397526,0.974502859,1.044782224,0.663362588,0.937630794,1.036112318,0.870646989,1.04855556,1.210228657,0.93221576,1.209835105,1.258426464,0.723352272,0.93009699,1.009433433,0.771259315,0.938703455,0.992519548,0.795666534,1.123236096,1.066738491
4,Columbia Mountains/Northern Rockies,6.2.3,0.733396785,0.608931421,0.501373874,0.668653427,0.789941195,0.527120084,0.824692416,0.881494357,0.784385914,0.710679597,0.58657698,0.490386256,0.535140503,0.977427301,0.864373774,0.731938954,0.739694949,0.381751367,0.69686126,0.623734927,0.651103466,0.615628686,0.877502076,0.598385112,0.643792359,0.56489231,0.671323614,0.868885783,0.801203851,0.74760555,0.824617373,0.603812621,0.578526152,0.652643628,0.783185979,0.764605237,0.853241589,0.775375894,0.789117822,0.835069422,0.771555327,0.643639936,0.787432767,1.145313724,0.680246487,0.642549287,1.009920305,0.808838393,0.746549543,1.066074952,1.18369505,1.255732821,0.979576652,1.008256175,0.842598052,0.582648152,1.189399146,0.739480838,0.939810843,0.72260619,0.90403066,0.660078372,0.709928297,0.763985373,0.925492247,0.742285036,0.912698527,1.067967647,1.007707178,0.719566148,0.92912892,0.985535029,0.953586315,0.955134554,0.762145545,0.728728302,0.707649085,0.905300342,0.835017366,1.447413567,1.085499771,0.960181069,0.819542724,0.984114433,0.785224737,1.38651198,1.620196266,1.2821919,1.177726745,1.14316116,1.020560795,1.501751242,2.025943863,1.097181132,1.162809971,1.517901561,1.508297837,1.295355189,1.273272181,0.941303138,0.630142948,1.713487122,1.07241804,1.483217465,1.009181778,1.330684076,1.266697434,1.358547856,1.204228994,1.514137775,1.96010785,1.456062821,1.417416454,1.723442104,2.013831005,1.431515129,1.458308634,1.379679503,1.219533719,1.415475097,1.656873998,1.667405401,1.62731421,1.176865997,1.779345686,1.556041448,1.293693424,1.367436443,2.025830091,1.432560562,1.016130537,1.642113401,1.296096388,1.359325856,1.46740733,1.063780064,1.769845573,1.280863315,1.571665008,0.924698998,1.141737854,1.373616503,1.390197548,0.921610306,1.560995072,1.028232767,1.412848001,1.249105942,1.570852711,1.182799759,1.484442521,1.626461908,1.271563014,1.671699102,1.229536987,1.502648929,1.535493886,1.527610154,1.312437555,1.266572451,1.328876271,1.563320639,1.57793141,1.48458256,1.354155459,1.737788375,1.40393774,1.728165703,1.486553334,1.458772139,1.506711337,1.307121825,1.054886916,0.749497957,0.979298317,0.778727485,0.698291084,0.731213653,0.54004511,0.43658968,1.262819792,0.99667501,0.840817094,1.226542015,0.998969885,0.766646814,0.808411783,1.100719185,0.882718555,0.571172161,0.757526746,1.12221066,0.985801608,0.659168094,1.166279072,0.916729323,1.050291244,0.526906287,0.804938506,1.11291546,0.90961767,0.947517723,1.123889158,0.676721811,1.333560057,1.217932531,0.829179115,0.954938338,0.896533637,0.736281959,0.992958233,0.838405411,0.690388506,1.025824132,0.884402846
5,Canadian Rockies,6.2.4,0.513640109,0.520043756,0.384665222,0.470485768,0.544757616,0.465780481,0.668928897,0.681612507,0.580160446,0.610842014,0.432148076,0.377633158,0.407122527,0.685571924,0.605692195,0.568656004,0.466182079,0.261004547,0.514010253,0.552286669,0.518479741,0.497328453,0.724028898,0.461578982,0.498865307,0.392819722,0.489297025,0.695096391,0.601820707,0.517538033,0.628474328,0.459420268,0.413814507,0.507384284,0.580415096,0.540579625,0.537807699,0.530399096,0.660660267,0.604353158,0.484751981,0.476541584,0.532853857,0.851559081,0.553337253,0.482963465,0.645922537,0.606801349,0.615176967,0.809881519,0.857221803,0.930297586,0.928902096,0.684982282,0.681492454,0.388816242,0.805196096,0.48565079,0.746469267,0.519708454,0.720214005,0.496236709,0.43737929,0.563155557,0.698965355,0.652520051,0.649309658,0.754455745,0.621692257,0.502498795,0.721321962,0.796834336,0.754039984,0.70106569,0.641039627,0.540123936,0.585989594,0.718041542,0.571093326,1.025636998,0.861573473,0.755219373,0.629714273,0.71591457,0.622224501,0.936826446,1.152203849,0.928057446,0.895657504,0.821598392,0.836163839,1.204761924,1.488198963,0.849694496,0.873425041,1.226794139,1.177317329,0.784376435,1.022633568,0.52028609,0.424642404,1.1866367,0.736879101,1.124667809,0.696822264,0.854735052,1.000024817,1.157110199,0.928324214,1.168786842,1.508037735,1.022124804,1.140030779,1.426349541,1.686770706,1.08879719,1.039628091,0.976746788,1.02618372,1.229339921,1.240533898,1.146648768,1.115930028,0.952719734,1.453268954,1.10642178,0.976910235,1.023040407,1.474459067,0.995234222,0.640931581,1.159570366,0.892450167,1.0413831,1.107252145,0.680276894,1.166312547,0.72364752,1.206465479,0.586317055,0.785063995,1.061667766,0.894679467,0.57484468,1.138819161,0.781673323,1.123976644,0.775306587,1.129092131,0.813444457,1.155739053,1.287955664,0.779072455,1.311963587,0.810213923,1.009826763,1.164917549,1.202686457,1.01860268,0.880278187,0.903296829,1.194095179,1.244271088,1.073452774,0.898736151,1.30153187,0.963787512,1.169499291,1.065055545,1.017065354,1.117877853,0.881378691,0.864615777,0.563051291,0.762386625,0.549227856,0.498195624,0.489783683,0.267296186,0.246580966,0.889555909,0.744737354,0.575456478,0.921213525,0.633980184,0.589688774,0.469976704,0.918127864,0.593278987,0.404357918,0.640648339,0.862800679,0.660259136,0.542965273,0.88922498,0.630836073,0.738727044,0.380193168,0.600739075,0.844192406,0.68140903,0.679749228,0.958364844,0.518357917,1.01902129,0.962329895,0.658362598,0.656966316,0.709858674,0.53212684,0.767259668,0.603636457,0.558933395,0.797604654,0.751898449
6,Blue Mountains,6.2.9,0.818160601,0.611109466,0.534016543,0.692623333,0.834947001,0.632211771,0.769771513,0.879063064,0.844197587,0.76680964,0.630028809,0.57418893,0.506909539,1.151075315,0.866999198,0.756604626,0.661041914,0.477133162,0.834659181,0.398986701,0.681151594,0.63336298,1.046037,0.747210584,0.739290845,0.55310462,0.583332815,0.930930101,0.884967616,0.75395833,0.895416493,0.556277272,0.51708097,0.769012234,0.785545846,0.818400852,0.771883645,0.754983987,0.805394926,0.800609123,0.73761892,0.74759574,0.843066611,1.226382913,0.725679383,0.880472232,1.00624722,0.864875455,0.754125528,1.208767262,1.34046254,1.321275417,1.092472307,1.114434747,0.993726846,0.724866944,1.274257825,0.782773254,1.094402996,0.784917154,0.986150432,0.755460138,0.754425047,0.921332319,1.205510253,0.96695621,1.100081435,1.28451799,1.119043632,0.865562886,1.0484374,1.134163197,1.121602732,0.881226294,0.77493974,0.779708978,0.880058689,1.01178805,0.972014497,1.616728421,1.238611862,1.058846431,0.978341029,1.067843131,0.926927256,1.619517808,1.795798834,1.534751231,1.413118901,1.361983833,1.271184083,1.638195312,2.043888044,1.315885129,1.212230122,1.777507505,1.556655197,1.700348489,1.564537934,1.366628243,0.839659505,1.957188983,1.268470188,1.824791495,1.245789889,1.634886338,1.675743676,1.608157723,1.419515047,1.922715605,2.149356695,1.717388749,1.854414575,1.983029724,2.028816156,1.712252611,1.861524779,1.60997247,1.342585294,1.721288812,2.008235076,2.006076935,1.740050671,1.430264083,1.979058411,1.963077139,1.485143747,1.66521713,2.277346987,1.427810022,1.286341101,1.911960845,1.556857117,1.525384302,1.588149531,1.347592603,1.937692981,1.63672172,1.717318802,1.149577618,1.450688155,1.725508885,1.809826829,1.219525985,1.787723676,1.360630604,1.74899675,1.56763123,1.853467696,1.47401164,1.777275284,1.927298007,1.488385553,1.768903556,1.527240623,1.920579863,1.691569351,1.693121802,1.571802994,1.578438075,1.507607826,1.719385952,2.019697754,1.741516167,1.500700081,1.90733599,1.753128512,2.041946299,1.791405574,1.730652722,1.775255274,1.657259271,1.329723925,1.05733135,1.222753334,0.878688407,0.965993575,0.967347505,0.669706866,0.637440914,1.495157238,1.26706696,1.045459053,1.466912965,1.416532255,1.101098624,1.277106184,1.394704641,1.161294079,0.946503463,1.048124508,1.248714865,1.328349102,0.922806145,1.368331126,1.241427673,1.330325688,0.82837306,1.129898876,1.400871211,1.113212631,1.374096269,1.43792018,1.006564002,1.640558242,1.636585868,0.940846782,1.186876014,1.160799526,0.987096482,1.264148163,1.128339601,0.88394035,1.482206208,1.216992632
7,Southern Rockies,6.2.14,0.652617496,0.6415792,0.629247034,0.670538632,0.622264357,0.956136788,0.748137414,0.767540535,0.62042403,0.793312548,0.92441577,0.777494914,0.829053132,0.736857138,0.729995463,0.867305073,0.489874318,0.996001628,0.723008213,0.910933608,0.704096642,1.07829161,0.833933737,1.020163284,0.908862594,0.953859737,0.831629839,1.020575582,0.729193576,0.757479837,0.811043741,0.781471238,0.689709494,0.982277604,0.865398886,0.793338643,0.57335877,0.722290354,0.757407229,1.067206026,0.625405616,1.000153865,0.84358142,1.146179944,1.463740206,1.352545861,1.037453768,0.919895686,0.997498479,1.229241715,1.09053779,1.149870883,1.228268283,1.09950194,1.500402023,1.081931998,0.997714218,1.101661986,1.468285053,0.880386688,1.198223089,1.024782935,1.13555905,1.049416501,1.221827914,1.382620415,1.603785402,1.033703704,1.1452377,1.122058258,1.49326482,1.347186583,1.280975723,0.896928264,1.330568378,1.359978096,1.642522366,1.574216879,1.257743183,1.228898676,1.357874192,1.353314201,1.547135727,1.0827806,1.35538968,1.447231634,1.296840362,1.446415383,1.193655286,1.24825154,1.163222758,1.13687119,1.194308809,1.059598067,1.298676497,1.289265464,1.380154227,1.031628898,1.123588016,1.043365392,1.281324282,1.419804926,1.172215088,1.290777107,1.268677464,1.145858157,1.014584528,1.469802244,1.303537707,1.54434093,1.799269457,1.208606627,1.659531408,1.219670255,1.310872008,1.324256698,1.243361868,1.321780613,1.445447116,1.459207733,1.314570312,1.168385796,1.00645759,1.397176161,1.252709726,1.416074875,1.363078443,1.467495762,1.28083161,1.043387744,1.163405245,0.97450628,0.962811107,1.04245354,0.914610137,1.269024098,1.071450442,0.983349153,1.115383146,1.012256162,1.094543466,0.968574908,1.005213771,0.926441718,1.164143326,1.211951471,1.238593629,0.877052958,1.093382932,0.83999838,1.232594145,1.080065455,1.389779707,1.18924686,1.074280854,1.028887169,0.924883675,1.141977199,1.108496306,1.286050694,1.099962366,1.42443403,1.431556744,1.014363504,0.871528199,1.155196119,0.966240943,1.036438215,1.24393907,1.366429402,1.64814083,1.239663018,1.157253509,1.029966896,0.893977102,0.684280941,0.994121049,0.8725178,0.715706066,0.686068354,0.89989006,0.90527608,0.949115115,0.911595546,0.824461728,0.999890216,0.881585595,0.95816848,0.829475594,0.773452793,0.760981032,1.060712455,0.80578546,1.08335582,1.120035788,0.842406753,0.948528161,0.854541512,1.040260752,0.756518534,0.918625134,0.920453004,0.871477279,1.274223844,0.992386848,1.162345621,0.764311324,0.866700535,1.091592489,0.954204337,0.925806727,1.21531576,1.156603392,1.178158581,1.181264794
8,Klamath Mountains,6.2.11,1.023952828,0.666961452,0.747372196,1.036796528,0.965711849,0.899265035,0.856733705,0.937053287,1.031498402,0.746710156,0.774382649,0.707213872,0.675191357,1.32621178,0.668864145,0.801708699,0.739903207,0.745499064,1.115066496,0.377658093,0.831732035,0.724047323,1.412031742,0.88098575,0.862255354,0.787293602,0.632306298,1.004780493,1.07435221,1.000277158,1.117767809,0.611091436,0.646161878,1.003504487,0.985895387,1.059227634,0.9147963,0.928713713,1.026492391,0.910229878,0.879045577,0.930644643,1.188550569,1.395067129,0.828061997,1.297861111,1.134778998,1.056087869,1.10420765,1.561430496,1.40326029,1.56297545,1.081963354,1.227973331,1.137146655,1.069627993,1.262665374,1.058044215,1.227425924,1.031070225,1.224202734,0.997785274,0.900610018,1.151220387,1.48986502,1.213136732,1.320748601,1.519893406,1.332987141,0.882861913,1.360495064,1.247419387,1.44949126,1.121560033,0.997987285,1.044119139,1.129015021,1.472779339,1.460900336,1.812650268,1.396785793,1.350217874,1.388473346,1.415587062,1.241581049,1.720905035,1.844314804,1.729672344,1.794301365,1.479988376,1.291653125,1.914176745,2.096546119,1.577296439,1.408314564,2.041952918,1.507965908,1.825546539,1.903738691,1.565185329,1.34994663,2.083495629,1.412546251,1.958288907,1.609473413,1.590551041,1.696950586,1.479259046,1.639954537,1.986791147,2.109744423,1.844713485,1.917960145,1.964728044,1.78789679,1.84061338,2.141331956,1.869719302,1.409393056,1.726939773,2.339894817,2.187291033,1.882334054,1.703001657,1.91727201,2.245549142,1.507706132,1.890046654,2.309566421,1.409045383,1.636180868,2.012791312,1.637279444,1.391208366,1.596352098,1.70532625,2.087562143,2.087174678,1.983913631,1.489946799,1.549954376,1.600704117,2.044862326,1.49918487,1.717589614,1.556006322,1.971514692,1.49358985,1.9300428,1.384127861,1.714631538,1.766842134,1.921987077,1.611309388,1.799727503,1.999310543,1.791250579,1.73221069,1.840201642,1.838891232,1.699431185,1.505259781,2.307490119,1.792881121,1.906339001,1.850853055,2.176570333,2.172054052,1.965911819,1.735911188,1.997931079,2.090726206,1.59235361,1.397575352,1.553341527,1.119654988,1.27100145,1.445515371,1.086406146,1.028866528,1.563956501,1.827760924,1.3668047,1.41962087,2.026711134,1.520586401,1.658839652,1.569261075,1.410551491,1.317731043,1.214308059,1.457696171,1.75716343,1.311960223,1.571629934,1.671248351,1.751487901,1.322589292,1.308607514,1.693032004,1.28842911,1.913469387,1.735684704,1.327699026,1.792977485,2.059651653,1.231766971,1.651013676,1.529680947,1.535884106,1.431570045,1.574567986,1.022543793,1.787749036,1.59931733
9,Sierra Nevada,6.2.12,0.877492603,0.512981288,0.721007064,0.829238346,0.784266707,0.986924198,0.767325351,0.89252676,0.764406375,0.770398247,0.727841636,0.671045111,0.573806869,1.082355363,0.644378243,0.676239013,0.488436615,0.736208227,1.011342691,0.296904834,0.791315701,0.830661959,1.292773899,0.844891354,0.849446764,0.875816833,0.64722569,0.875305758,1.036840996,0.865969231,1.047851595,0.56267228,0.560813404,0.991919727,0.883171053,1.01427624,0.718655844,0.730388685,0.881419415,0.753421473,0.59605286,0.939945099,1.043373074,1.283704162,0.864137622,1.382227607,0.828008509,0.91968582,1.024314515,1.462584252,1.209890674,1.264357292,1.104291573,1.067195917,1.129434896,1.03232414,0.940568343,0.970510427,1.378535729,0.84287681,1.188275374,0.909060388,0.641503141,1.071651545,1.356839123,1.380332908,1.317674162,1.285191012,1.293973682,0.921379021,1.349660555,1.374436713,1.463955889,0.967253567,1.03619888,0.882839017,1.250480418,1.406026112,1.511385636,1.579204258,1.404103049,1.347273974,1.393731596,1.158772672,1.276944977,1.675229977,1.573597666,1.489516712,1.688175531,1.33176465,1.258607158,1.617157511,1.666896073,1.325636554,1.307697625,1.766407997,1.659473172,1.498713931,1.588821106,1.274626723,1.307480357,1.79453896,1.320308652,1.638044237,1.438444567,1.391403941,1.466209409,1.520486828,1.513027166,1.811773064,1.870139107,1.665824767,1.783114496,1.832224539,1.768229383,1.758138988,1.85676118,1.682629942,1.336967737,1.6571994,1.826867122,1.800291641,1.408846003,1.749883952,1.820660208,1.863543176,1.482188036,1.828579765,2.079560215,1.252679272,1.455815117,1.811785823,1.35687123,1.126695547,1.455270815,1.512261872,1.686099641,1.694950383,1.637158739,1.297011758,1.363935841,1.370995039,1.675251167,1.270162359,1.818451902,1.492878392,1.740562354,1.431856973,1.693981276,1.274112374,1.582537149,1.851291259,1.685251572,1.403463427,1.620424532,1.708838518,1.63637404,1.736944086,1.832471791,1.643406352,1.555735665,1.536769929,2.035600439,1.492604945,1.472681993,1.765382187,1.821427325,1.678022227,1.856912517,1.687635781,1.889870374,1.989534539,1.470185262,1.191314982,1.330684748,0.882297381,1.143627181,1.330524538,0.805345139,0.840132314,1.435772273,1.501218554,1.094647775,1.213399035,1.509309833,1.406554016,1.461708152,1.26510402,1.234076012,1.180100234,1.135143611,0.917224332,1.436451679,1.234467536,1.424248985,1.429614962,1.55661655,1.406020285,1.157718938,1.510138843,1.124641818,1.628428764,1.585312172,1.532677179,1.457842114,1.719743381,1.118763635,1.364763065,1.54921711,1.384180485,1.187497196,1.605736263,1.135408573,1.749895545,1.618559311
10,Cascades,6.2.7,0.65388919,0.389931024,0.381743584,0.584569557,0.667689843,0.447481178,0.532361835,0.609135161,0.636918917,0.476776303,0.456617902,0.366872103,0.331987937,0.957737543,0.54867937,0.527322708,0.564066827,0.361814113,0.643330014,0.219196222,0.460086825,0.38100712,0.81199907,0.471097545,0.512120083,0.375846766,0.419431076,0.697087875,0.6749378,0.553121655,0.664094955,0.400350407,0.388137579,0.585984583,0.586373376,0.601867026,0.564224067,0.649586536,0.683984911,0.608970655,0.602595674,0.57180457,0.670328362,0.877467015,0.426907813,0.576829613,0.743012512,0.550181029,0.530928588,0.849208323,0.914772169,1.070129846,0.668728329,0.798924126,0.583701031,0.487345519,0.875856091,0.553057267,0.640783397,0.648752782,0.735411622,0.486844334,0.552321589,0.558469609,0.852660776,0.561595564,0.733693612,0.973142145,0.81151206,0.510122589,0.760748749,0.664279259,0.764984873,0.642670417,0.52336648,0.6012965,0.545528806,0.748010582,0.663582643,1.114980029,0.865779243,0.806456247,0.738473023,0.814166729,0.656636888,1.113487633,1.206464419,0.985936851,0.958867715,0.899922447,0.709206832,1.114649452,1.435485103,0.807078853,0.76154817,1.197939639,0.696899511,1.073707575,1.067296979,0.923224567,0.567711538,1.236509356,0.796342742,1.278551581,0.815020108,0.993218593,0.977978879,0.846339137,0.843411886,1.099538967,1.426881102,1.133491945,1.123438471,1.165990695,1.085353627,1.07860952,1.37760215,1.118534147,0.82771111,0.951096875,1.255776466,1.220936214,1.204040462,0.854761942,1.155875247,1.358891372,0.890929497,1.088606754,1.337292654,0.846456422,0.869639384,1.355256783,1.011931425,0.829227775,0.990654127,1.022885704,1.45044399,1.360294261,1.19917889,0.681914725,0.868794942,0.94637589,1.227332059,0.880968684,0.943039161,0.770914992,1.224586763,0.920993656,1.179827216,0.781639898,0.982463721,1.001818837,1.100856841,1.108262897,0.995783044,1.264185428,1.128692258,0.903790499,0.965985631,1.008388468,1.028329006,0.986180909,1.24968661,1.059225741,1.051171401,1.228455053,1.208901665,1.449581258,1.233936195,1.076273896,1.153124969,1.194661317,0.975498273,0.752537521,0.922792106,0.656722134,0.69521742,0.765205648,0.58970619,0.524853229,1.170646472,1.104323313,0.917003494,0.876004464,1.189091374,0.764839863,1.078078865,0.929327514,0.833225791,0.655311721,0.631962093,0.939008013,1.089152727,0.7137711,0.915721209,0.904323878,1.034645094,0.504945663,0.721448973,1.028792047,0.731164612,1.098490831,0.949900323,0.588708331,1.112434828,1.204728625,0.650558479,0.953623631,0.815488636,0.709899739,0.927247343,0.857750405,0.517709079,1.09528131,0.903319556
11,Eastern Cascades Slopes and Foothills,6.2.8,0.892189885,0.586032429,0.614763687,0.786008358,0.827287133,0.709635378,0.749370174,0.852385735,0.848142863,0.700702647,0.652631097,0.57588305,0.526736899,1.237916483,0.747531982,0.762427458,0.691762877,0.580922641,0.914090299,0.321491451,0.732152545,0.647286532,1.166365013,0.762469556,0.756055298,0.630708063,0.540300191,0.892775324,0.95047076,0.764257513,0.920064292,0.549886493,0.518201324,0.864371928,0.778451504,0.879870378,0.779838987,0.735944432,0.855202905,0.814173504,0.715560873,0.761664018,0.919144672,1.244894318,0.741504016,1.026039079,0.958626758,0.819878588,0.844440666,1.280840164,1.256155265,1.342984482,1.040232744,1.092395928,0.986731259,0.822194206,1.219484857,0.855324588,1.151264007,0.862969694,1.066462233,0.797834185,0.783360172,0.974230162,1.327279174,1.063050324,1.17439035,1.353609291,1.157176925,0.814935437,1.185531339,1.112373429,1.167335422,0.909284665,0.875742087,0.864194976,0.952520277,1.145350672,1.1645448,1.609282249,1.176291295,1.1502302,1.092422655,1.122239488,1.0242213,1.591135705,1.660450846,1.487978791,1.498627807,1.293145708,1.141826628,1.599984721,1.830395641,1.279606691,1.150274258,1.725146776,1.333507458,1.547125384,1.595964663,1.405891691,0.997784748,1.931329351,1.212168221,1.689859087,1.315332167,1.471492533,1.538182154,1.419404979,1.430588485,1.790261705,1.951753159,1.663987082,1.721644116,1.759449026,1.735845193,1.63022038,1.838751812,1.676686449,1.277835984,1.61520898,1.922351606,1.942008693,1.539652623,1.41748557,1.72585578,1.87240944,1.337326425,1.639589122,1.976691544,1.207023821,1.331937408,1.819842476,1.403160768,1.204781049,1.395662963,1.378297159,1.792744123,1.697156983,1.634634156,1.117027314,1.326986545,1.452676727,1.721165202,1.223272376,1.61547117,1.338925618,1.641448006,1.368797492,1.703960325,1.221736343,1.574598499,1.723531131,1.520953083,1.4774565,1.519951718,1.737148563,1.550373831,1.56218872,1.53557346,1.530410276,1.488659897,1.474511833,2.058736786,1.446645818,1.47729512,1.662005181,1.710478719,1.816501348,1.701909594,1.491253688,1.642389692,1.699113769,1.316894988,1.077374176,1.243358025,0.812947278,0.960604306,1.028322735,0.73156257,0.705489741,1.43170473,1.358683866,1.03896907,1.230191322,1.49187755,1.165573594,1.311497893,1.309431422,1.200847125,0.994125789,0.96800657,1.210139187,1.401263346,1.00115216,1.265526887,1.254555524,1.386630731,0.994789206,1.071608747,1.396937687,1.055671556,1.474484498,1.422157328,1.066101786,1.53516058,1.71398762,0.912610307,1.224301903,1.202820721,1.070154177,1.155963186,1.212507359,0.798801211,1.50524158,1.220293356
12,North Cascades,6.2.5,0.648451381,0.467707377,0.426066648,0.530610702,0.708689179,0.393280439,0.602542936,0.599761037,0.578591714,0.503750996,0.454329698,0.370886771,0.445628827,0.871161281,0.704947223,0.539594802,0.631370276,0.323215954,0.530933501,0.410165592,0.448970868,0.419200341,0.606951942,0.427495103,0.50123543,0.399178732,0.537854573,0.630671604,0.654171828,0.605243176,0.647086155,0.450464588,0.416602715,0.550935736,0.620234691,0.561229538,0.596356701,0.631574004,0.601795652,0.630034435,0.587083884,0.499157664,0.564681696,0.865693981,0.502744287,0.48622632,0.843861209,0.584020917,0.554418994,0.763603025,0.917701801,0.947272131,0.639328868,0.76471071,0.562205438,0.527087392,0.938411436,0.565634756,0.623383617,0.690480578,0.688468193,0.438579281,0.597347351,0.48287468,0.66802756,0.467795329,0.75146929,0.864141084,0.927063771,0.543697896,0.678353535,0.669455974,0.720114201,0.810094066,0.540333239,0.582419927,0.502934979,0.683362407,0.621441483,1.068551284,0.824952034,0.721593115,0.5963256,0.683807023,0.554230111,0.987376612,1.227975738,0.97326191,0.889684764,0.856411997,0.718898371,1.128825631,1.542993509,0.810658654,0.81284003,1.085776813,0.950554417,1.081120072,1.005053762,0.774884435,0.592254491,1.202975154,0.782407582,1.125371712,0.719872511,0.988913927,0.833932766,0.853093588,0.799828129,1.050831624,1.423669482,1.123389385,0.994285212,1.171907968,1.184388931,0.996214328,1.291935543,1.068489503,0.808788159,1.0147476,1.178574406,1.197641847,1.174361213,0.780934166,1.113707206,1.207594253,0.79337812,0.985814228,1.232184788,0.97817114,0.843283524,1.328146989,0.90996291,0.858504387,0.977953557,0.960738775,1.408229838,1.156552043,1.039380259,0.730751473,0.903375103,0.934463848,1.092601801,0.842347826,0.980683876,0.626075824,1.088155251,0.926049937,1.106335282,0.82304271,0.891766556,0.982984146,1.010123797,1.147887222,0.997683575,1.188590799,1.128337226,0.889835136,0.946108413,1.008152932,0.930085551,1.006722498,1.19321717,1.028530649,1.017491316,1.12392497,1.019719689,1.329506332,1.104890843,1.003429652,1.007027771,0.971756097,0.809222062,0.574242935,0.76982872,0.617409016,0.54872333,0.603019611,0.537953721,0.48322399,0.994925431,0.87047644,0.854683736,0.847048002,0.93570242,0.600932658,0.86001428,0.854187628,0.792620502,0.469612532,0.515078477,0.877584955,0.816548369,0.580217295,0.737860574,0.69240702,0.861642907,0.43178115,0.613826665,0.863581306,0.690950797,0.889292991,0.769558246,0.447873946,0.962966977,1.024425903,0.685695151,0.756616744,0.58536876,0.554822741,0.81102299,0.597877915,0.455945255,0.816005431,0.574285218
13,Coast Range,7.1.8,0.645891393,0.439144733,0.466051888,0.633625056,0.604488659,0.525205927,0.566260229,0.533333863,0.617812379,0.481771411,0.506521916,0.439155637,0.409333752,0.820049641,0.53552235,0.513856199,0.52263578,0.450776778,0.694652863,0.317685406,0.465625326,0.450056956,0.742679878,0.481229015,0.509344771,0.466609034,0.459679157,0.652049949,0.614891779,0.602213139,0.587655631,0.406740871,0.433215463,0.576180178,0.669528722,0.633385439,0.521121816,0.635537905,0.586277442,0.548113719,0.568532912,0.595107066,0.684384361,0.799615024,0.48906836,0.649506346,0.682698614,0.588038859,0.57359913,0.81728325,0.773160163,0.816521386,0.606842226,0.710152093,0.583585047,0.539446469,0.761487943,0.623130695,0.619127509,0.684758361,0.678753493,0.554145483,0.488839725,0.562708611,0.755497731,0.612806395,0.689829421,0.853230199,0.748510224,0.511587752,0.734975391,0.639241596,0.724728387,0.657923675,0.510705065,0.566793562,0.578660126,0.78897775,0.706178079,0.920728219,0.768753341,0.691735714,0.719633116,0.783926777,0.668003684,0.865297592,1.040199494,0.87873987,0.891459143,0.760281907,0.732259357,0.983924036,1.185932042,0.774052517,0.725300671,1.003164229,0.724171569,0.963827264,0.910164936,0.878625123,0.704633017,0.975063881,0.828362364,1.071054481,0.824080893,0.780979575,0.800600739,0.760920171,0.766164784,0.922396176,1.09887797,0.967820001,0.889844937,1.018778588,0.891448429,0.928186465,1.074911115,0.882629304,0.724125309,0.793779562,1.068103611,0.996969391,1.105443574,0.821719247,0.941124452,1.108390328,0.767258129,0.914079738,1.061572044,0.806685226,0.803700446,1.067575524,0.874599843,0.781708084,0.894409905,0.976944306,1.072155054,1.071085899,0.929929274,0.729998442,0.832408275,0.772525947,1.064532353,0.867942829,0.890080229,0.787801313,1.024502783,0.859090066,0.985895169,0.707820047,0.80451391,0.778339041,1.006634147,0.915967454,0.874579276,1.006410505,0.94314234,0.834296946,0.86350058,0.858474305,0.84960568,0.767185215,0.95640753,0.934195097,0.98736245,1.034430068,1.058769721,1.150688492,0.9818628,0.91246598,1.036183722,1.030339269,0.900047173,0.746586104,0.825261174,0.738243667,0.756831542,0.884261589,0.679708398,0.601589546,0.892705547,0.924132683,0.938797745,0.759531205,1.031326419,0.803680953,0.917689201,0.837233201,0.790965502,0.677604315,0.718242091,0.823075498,0.967928214,0.774271186,0.771636598,0.873832046,0.911826291,0.638834391,0.712495074,0.92202075,0.709114585,0.93384193,0.862347225,0.618502078,0.88163881,0.970613404,0.671729597,0.948413494,0.742298372,0.771076578,0.891197969,0.759171632,0.525482452,0.929334646,0.851193811
14,Strait of Georgia/Puget Lowland,7.1.7,0.682827171,0.530887146,0.499932496,0.643255652,0.672349657,0.49753916,0.626442533,0.573739172,0.58602463,0.513482855,0.516360422,0.444563651,0.44868393,0.848701796,0.675567151,0.61251045,0.649725585,0.434709511,0.646717136,0.412259099,0.503655286,0.463454827,0.665692141,0.493191458,0.557163311,0.51275329,0.56623839,0.687996081,0.656739191,0.5697398,0.63762602,0.490047639,0.463132724,0.554144371,0.582389406,0.624820806,0.490005454,0.792691871,0.659174485,0.590753579,0.584711406,0.612845046,0.629663188,0.81317072,0.515768358,0.527507753,0.850922935,0.544266843,0.608456512,0.753350118,0.784713559,0.861782597,0.625324544,0.763142772,0.549668788,0.540388008,0.868224183,0.574080636,0.620654226,0.769309262,0.680034577,0.547371846,0.57130059,0.553383211,0.720706924,0.570449078,0.746481939,0.888140401,0.875917679,0.586773385,0.771329248,0.640079542,0.658606688,0.774229223,0.533162149,0.591465143,0.513854035,0.680348701,0.63899227,0.861986912,0.808117514,0.72331832,0.665979738,0.697050256,0.614830507,0.884719976,1.032455015,0.786700318,0.794490008,0.710422139,0.6485265,0.953441564,1.255836592,0.669323011,0.736400114,0.884471497,0.705823165,0.972733574,0.931767786,0.828430477,0.560167236,0.997853217,0.849882688,1.061963557,0.741289301,0.868188132,0.752651316,0.78793802,0.734732539,0.862891201,1.136142105,1.011165042,0.863518867,1.009208474,0.90083735,0.841614694,1.142056129,0.829292175,0.701847665,0.728133684,0.881636102,0.874909044,1.088785555,0.804052003,0.874468941,1.049418858,0.809292995,0.857595389,0.919016567,0.73735769,0.716898278,1.084700162,0.788177495,0.742149803,0.911971003,0.998050894,1.098468637,0.986749686,0.842052601,0.683524681,0.844260195,0.808414335,0.941933463,0.785231169,0.881523183,0.639401307,0.947066203,0.907728321,0.944366227,0.696549094,0.747680274,0.77629814,0.925818324,0.958702403,0.82699979,0.934623742,0.943719735,0.755623063,0.806736233,0.781154782,0.819832573,0.773467344,0.833204342,0.8702665,0.863072319,1.009051801,0.928805918,0.965595847,0.945040943,0.854612395,0.873717025,0.896578849,0.649603848,0.53149845,0.674956178,0.571409953,0.540257188,0.680199103,0.584220896,0.537851696,0.750964838,0.689672237,0.848259041,0.600643319,0.707695573,0.631808879,0.737907642,0.684055988,0.675603609,0.468425631,0.609034706,0.777424876,0.790125852,0.61865419,0.58661207,0.653261289,0.756962053,0.418325425,0.591250099,0.76638007,0.545817007,0.667470621,0.660300804,0.467636324,0.682112074,0.725520254,0.513891475,0.758070442,0.546970097,0.558727222,0.737112888,0.61475529,0.503637436,0.690071892,0.620242872
15,Willamette Valley,7.1.9,0.715178999,0.493865403,0.480580751,0.739783264,0.702902793,0.528976233,0.678257958,0.614647637,0.729863451,0.523086682,0.578598643,0.479230652,0.410191166,1.025104279,0.650034995,0.660027432,0.712079683,0.456314662,0.802202095,0.352254975,0.549682867,0.52849547,0.861373259,0.558882871,0.606956891,0.525648579,0.550191723,0.780346252,0.745794591,0.660081944,0.761044962,0.542758819,0.504650577,0.655502732,0.712394692,0.709024217,0.623184896,0.775588492,0.707484763,0.630840783,0.704177635,0.679077945,0.782041745,0.980407313,0.534048637,0.636293286,0.855034063,0.615467949,0.631497288,0.972906867,0.975769141,1.122332667,0.753659726,0.87420248,0.69596228,0.57369985,1.041680341,0.665372425,0.705205811,0.849895239,0.809762885,0.643040228,0.690339555,0.675215761,0.995242155,0.67909749,0.848728997,1.082881454,0.920999046,0.619280933,0.906170292,0.789888524,0.811538081,0.777692984,0.612888835,0.721879131,0.649085348,0.870276616,0.772102478,1.141189492,0.954069049,0.848576738,0.89247401,0.927175281,0.777438697,1.142062335,1.304272311,1.065222834,1.039172601,0.951795913,0.758628722,1.134394906,1.559263831,0.85676234,0.873744129,1.214627787,0.809936714,1.205765485,1.157307172,1.171102273,0.709716877,1.311325762,1.064636784,1.411021082,0.999483903,1.081171847,1.06403251,1.026502116,1.028827968,1.226035352,1.513536416,1.327938051,1.215354206,1.327325394,1.185337276,1.239974603,1.509490109,1.123894498,0.908028468,0.98020364,1.235940216,1.25494241,1.508150225,1.02682311,1.187345473,1.477893667,1.072029598,1.181595051,1.379854994,0.905394521,0.940793713,1.339516132,1.050875818,0.901252419,1.084143406,1.159140947,1.428955455,1.364458904,1.180656303,0.78063795,1.016027897,0.999045438,1.400169704,1.058371254,1.057416795,0.958761938,1.258286362,1.129616528,1.256258597,0.938812789,1.074239479,1.067894666,1.300950525,1.244236941,1.1637746,1.386790756,1.265691347,1.070744972,1.042899111,1.080123958,1.074481942,1.014573139,1.117741832,1.189501211,1.284007687,1.422226899,1.386401193,1.430302938,1.29020334,1.193659269,1.246812502,1.336180671,0.891296126,0.834554381,0.937259083,0.747077542,0.738679891,0.856431016,0.706714524,0.607642976,1.036725968,1.063597891,1.152149137,0.827609866,1.230649585,0.856417366,1.121989736,0.976837735,0.840957515,0.703950463,0.714573941,1.021572086,1.229429128,0.867845099,0.956658328,1.012212904,1.057977726,0.563511683,0.854699837,1.114682101,0.833538824,1.058673426,0.950699801,0.64192999,1.00268094,1.06961282,0.685696542,1.122165661,0.904277777,0.859666629,0.998743701,0.921630986,0.624497756,0.939425885,1.022862673
16,Northwestern Glaciated Plains,9.3.1,0.731828209,1.285203079,0.840648798,0.672983645,0.816439525,0.996610099,1.156066642,0.924046982,1.043365418,1.239289899,0.923604426,0.815058385,0.790431857,1.123686991,0.898993991,1.007484287,0.684384063,0.565260017,0.903996479,0.949864752,0.711222535,0.903291565,1.081688124,0.867524731,0.747980029,0.706374649,0.771252368,1.022262058,0.786502254,0.807629185,0.901652724,0.675208711,0.566895168,0.938659479,0.855151627,0.80011195,0.754696298,0.849083166,0.982032847,1.031851243,0.665616302,0.736103175,0.819304202,1.314947893,1.2102542,0.978252814,0.93455361,1.085039395,1.05952432,1.158426663,1.233851986,1.485892246,2.039969216,1.204571766,1.196589793,0.90593091,1.064871842,0.818965692,1.053967002,0.970226167,1.150825944,1.156337478,0.770783841,0.872886629,0.997879142,0.986091542,1.22372633,0.985335123,0.905143092,0.822326793,1.206070418,1.076128195,0.959880538,0.998367789,0.92080425,0.855989166,1.346363992,0.963674105,0.788460414,1.201768858,1.178818794,1.317750916,1.013780254,1.041690988,1.063240671,1.608957158,1.361159408,1.724834609,1.458362174,1.303676541,1.448591755,1.775704548,1.901353683,1.261034776,1.375081514,1.96136013,1.734981641,1.362335885,1.414184288,0.860623313,0.67206775,1.361849757,1.10848663,1.318600362,1.221068297,1.34291952,1.299580692,1.452643334,1.265293581,1.636394478,1.741835266,1.307692232,1.529310416,2.120817732,1.905084321,1.478996489,1.167769144,1.234167001,1.46487695,2.244595106,1.446345156,1.391379507,1.42428301,1.265126143,2.043905167,1.360822053,1.197619531,1.321041036,1.929283951,1.321892462,1.092269492,1.495299027,1.372207216,1.880367209,1.823374319,1.099109978,1.42354336,1.07591948,1.741907531,1.368143755,1.504720827,1.727994538,1.188766842,0.918499624,1.368978199,1.376891329,1.677136007,1.382908603,1.533568257,1.349318841,1.528436805,1.782204804,1.061576534,1.829217057,1.078602266,1.393885709,1.591388848,1.385385759,1.518418813,1.1265683,1.369106663,1.629551985,1.917753322,1.614807122,1.110177228,1.546926098,1.344085446,1.345728867,1.494947115,1.075782818,1.630600994,1.446356846,1.303669951,1.014065081,1.230140565,0.931236493,0.989354952,0.860789466,0.552935079,0.488734643,1.100444406,1.023055189,1.073152665,1.408563988,1.025684337,1.004485257,0.766081774,1.236980203,0.996986927,0.775781052,1.17889096,1.280059761,0.774256839,1.080584886,1.11516143,1.028549246,1.079429464,0.878490039,1.143110146,0.926599794,0.992998725,0.869180249,1.229945124,0.714842366,1.340018398,1.604980581,1.197707882,0.895201524,1.070424933,0.802592968,1.047149887,0.710107435,0.698740385,1.047032517,1.203310394
17,Northwestern Great Plains,9.3.3,0.790531786,1.205482981,0.781397078,0.675587718,0.782101878,1.025861413,1.240175981,0.903147913,1.018270942,1.219066279,0.951045248,0.824003128,0.77490223,1.118436055,0.909904602,1.078691212,0.600565721,0.54900949,0.907163962,0.98402866,0.702070887,0.898389682,1.094323451,0.902196923,0.782043375,0.850003523,0.754526234,1.061984626,0.840994103,0.751225874,0.958798887,0.65766002,0.521448806,1.024199652,0.910475757,0.775876935,0.674019335,0.872986148,0.971301141,0.960849604,0.595192829,0.788127644,0.83923362,1.380203967,1.422415641,1.107224613,0.902162817,1.132200793,1.093180823,1.297677026,1.332233402,1.492854889,2.24374152,1.29338858,1.347351091,0.988884156,1.081833756,0.868311273,1.268425453,0.961665289,1.244585348,1.203756402,0.795686963,0.949687312,1.154139945,1.107899381,1.511843116,0.987841896,1.095586494,0.987141275,1.507838919,1.301709471,1.028889229,0.958341513,0.984580442,0.960170306,1.613586994,1.143583614,0.856877979,1.168154502,1.547103052,1.483561943,1.028512873,1.064508342,1.285402711,1.850359863,1.493921862,2.061667208,1.708833601,1.514489065,1.815474402,1.892248895,2.107103995,1.495377345,1.603252362,2.280322068,2.021577635,1.637872556,1.669305945,0.993321732,0.846752698,1.572083777,1.395573749,1.584972198,1.362324429,1.581759795,1.600622985,1.723304745,1.479845523,2.096577609,2.113630418,1.594155875,1.900302868,2.476442779,2.183823584,1.744423423,1.290223603,1.513505146,1.731791506,2.498206808,1.711819805,1.605146916,1.629989791,1.741407678,2.328599547,1.464794993,1.274289658,1.64827777,2.199893154,1.457705967,1.363645096,1.564455924,1.606596927,2.086106245,1.967090345,1.429605833,1.631562392,1.27663156,2.003762086,1.636353082,1.735790967,1.92167148,1.34869415,1.106457241,1.669707452,1.817959474,1.950417535,1.450399073,1.628138015,1.55638148,1.873403354,2.029815548,1.43666862,2.120791168,1.369045119,1.582805268,1.854401073,1.675200923,1.770703045,1.316271886,1.712731023,1.828942463,2.161591187,1.828682288,1.234608359,1.709572275,1.623557826,1.530314019,1.589958323,1.239033962,1.885305242,1.752023029,1.539968103,1.211274987,1.403797677,1.016550358,1.197152979,1.058333734,0.795351597,0.585896899,1.20248398,1.153132513,1.282438068,1.570045133,1.154618975,1.274263318,0.902431235,1.392126822,1.166199324,0.99444168,1.30586008,1.450961419,0.875200725,1.343027756,1.254468219,1.216849258,1.186882016,1.065558407,1.444963018,1.002620743,1.236361689,1.014992977,1.359643273,0.995335952,1.442455728,1.737626164,1.340566716,1.038775775,1.42054339,0.996460062,1.194077724,0.936025884,0.933519931,1.284794933,1.476581238
18,High Plains,9.4.1,1.108532334,1.128531688,1.056704155,1.091304829,1.091410228,1.412158535,1.391652161,1.311628156,1.036311616,1.280925668,1.463791793,1.262336721,1.398431625,1.1225665,1.18327871,1.252744831,0.862201051,1.544673347,1.110249393,1.634994425,1.139549823,1.692526528,1.183033555,1.481513016,1.342209172,1.623407111,1.187515321,1.737415055,1.02688086,1.427153922,1.255247346,1.168815308,1.533706141,1.747186663,1.59180243,1.493707921,0.84542219,1.132427994,1.270089636,1.711391467,0.998487742,1.487348124,1.055659796,1.65703157,2.221414476,1.945442695,1.284295257,1.457109446,1.551147845,1.729042701,1.462907166,1.507858842,1.838884575,1.374853446,2.338028316,1.606706652,1.238321225,1.59224778,2.17370799,1.365949205,1.684280197,1.405360466,2.062322162,1.372285998,1.53848132,1.904180351,2.124745936,1.247778945,1.552584107,1.701793652,2.237742524,1.536772623,2.017673435,1.580432186,1.874695018,2.535619279,2.581558032,2.298338187,1.693150869,1.498349946,1.866321858,1.928282716,2.083484403,1.625901685,2.336770525,1.856056191,1.795522272,2.578772138,1.894593639,1.864343349,2.127990282,1.890630263,2.062517766,2.005687883,1.955311379,1.757034967,1.960991241,1.608721814,1.741677044,1.509611633,1.726968074,1.970938916,2.036406591,1.646067239,1.926145227,1.948089403,1.842457917,2.090590525,2.258449253,2.097720726,2.415059425,1.64403057,2.148117585,2.255969792,1.803841902,1.999687636,1.712668081,1.72152933,2.691581099,2.704478809,2.06303461,1.87739801,1.821523313,2.224420345,2.072731666,1.901847796,2.021242982,2.206734275,1.699927067,1.550176812,1.945741383,1.407580473,1.736288341,2.162084142,1.735229725,1.931144662,1.565785249,1.591481396,1.788122608,1.500348526,1.684985985,1.496644075,1.329433012,1.496457124,1.852810232,1.96670329,1.378708354,1.443771678,1.601885065,1.751243797,2.252040089,1.887281708,1.870896058,2.028609642,1.424383226,1.527629637,1.578913928,1.838296575,1.474083664,1.715947714,2.03172036,2.618024472,2.481303812,1.863750695,1.924467391,1.794009062,1.621441107,1.341012741,1.685772846,1.912165316,2.269136261,1.89090974,1.726072219,1.510894979,1.3964269,1.375216361,1.779503224,1.4274321,1.221351461,1.114057632,1.260954219,1.338237984,1.27174693,1.403149936,1.183780709,1.549879596,1.277621578,1.610937687,1.260827523,1.061449472,1.358735515,1.73695441,1.19266845,1.948945943,1.439082994,1.37143014,1.308280583,1.35957923,1.64160163,1.07607487,1.398097392,1.136170737,1.235227941,1.739029696,1.775153793,1.972608011,1.48710237,1.19673857,1.783221333,1.339926671,1.472651874,1.277572135,1.681476485,1.580837128,1.815778956
19,Southwestern Tablelands,9.4.3,1.198732442,1.212146188,1.244740239,1.213062461,1.208067288,1.620219382,1.417224738,1.422170584,1.094085053,1.3789471,1.611620788,1.433229607,1.55959571,1.108412579,1.273855292,1.240763845,1.063773524,1.970598408,1.167232915,1.800376446,1.237188401,1.910452128,1.281634409,1.639416387,1.577061939,1.790681476,1.276952842,1.863299286,1.033063706,1.609691589,1.354997227,1.383132602,1.848049996,1.849722018,1.782464296,1.734341009,0.937181142,1.249932499,1.418919791,2.044413797,1.129273073,1.731038119,1.239254823,1.750657676,2.440738031,2.151710203,1.489484827,1.624318875,1.765537912,1.816149658,1.532330253,1.553165171,1.850352569,1.505772771,2.558209057,1.740586575,1.405281751,1.831692933,2.348034656,1.491611016,1.876298785,1.492395398,2.382348173,1.496387381,1.526997794,2.053459345,2.118688539,1.416009604,1.711755099,1.93233895,2.396497663,1.531973873,2.270236614,1.844913952,2.21050781,3.025977649,2.627336985,2.528216427,2.017706335,1.66060858,1.903361282,2.067639225,2.415230962,1.745616747,2.420830918,1.922321071,1.909718373,2.766640144,2.038527966,1.924228334,2.196282933,1.986818735,2.067475704,2.077169461,1.974601354,1.752041034,1.956976723,1.648522976,1.746820192,1.70073524,2.038944523,2.158009602,2.125260784,1.765455671,1.959055357,2.055254349,1.810356815,2.09236266,2.395631648,1.889223782,2.544349071,1.744338628,2.179805311,2.231514359,1.70277635,1.921903177,1.994328221,1.759175643,2.97522195,2.61281814,2.030973581,1.891394668,1.828095087,2.418082668,2.078946832,2.136600828,2.172109111,2.339296738,1.612888997,1.607927019,2.105811721,1.491348856,1.761409766,2.164763806,1.679729757,2.008291666,1.58795476,1.630552572,1.753290122,1.560114389,1.682711467,1.459249383,1.451403345,1.620538512,1.941653525,1.886362789,1.434838703,1.488982841,1.667779578,1.853430262,2.362853125,1.856406978,1.981922055,2.085450631,1.406043331,1.559717878,1.559042639,1.881391847,1.519155208,1.906624296,2.069283789,2.84845712,2.508859978,1.845868325,1.948747596,1.851866853,1.622186398,1.336528821,1.818244452,2.238913196,2.404392507,1.83627658,1.738669019,1.530714125,1.370751822,1.453706066,1.814201196,1.516438544,1.336418412,1.188590197,1.269128648,1.363488587,1.375292718,1.368545296,1.130480662,1.588590472,1.423682931,1.575306945,1.285508259,1.09692991,1.404808348,1.803361891,1.28103843,2.118401929,1.520777501,1.415512776,1.378056129,1.449125995,1.641593367,1.160325256,1.434698039,1.236256209,1.278175643,1.817576734,1.86545538,1.990713919,1.532727069,1.220401608,1.815891749,1.420249205,1.491826378,1.350322971,1.877661143,1.581701229,1.88084697
20,Columbia Plateau,10.1.2,1.092089844,0.812999671,0.740734554,0.943776169,1.142590671,0.743387598,1.06846543,1.131480705,1.065472057,0.936277348,0.83558848,0.765881463,0.746277448,1.340010318,1.117171322,1.015626519,1.019529645,0.65064632,0.989445846,0.69371799,0.868937528,0.837020361,1.205732657,0.846923858,0.900089516,0.760199759,0.893837515,1.112520065,1.127194484,1.060441494,1.127700925,0.769746544,0.691937893,0.930492193,1.052642019,1.118288724,1.152595495,1.003526628,0.943474103,1.115060792,1.025304519,0.933567307,1.15660441,1.540671101,0.907734941,0.993822958,1.391474529,1.085882507,1.003364383,1.447040077,1.605345243,1.638381929,1.214424516,1.389892761,1.201848694,0.938802645,1.685900472,1.099629161,1.306171058,1.075957539,1.213610808,0.96543116,1.116674985,1.151289215,1.341361912,1.09522079,1.330975073,1.532828191,1.43546979,1.154318844,1.200248108,1.267953451,1.372959606,1.314136454,0.95588716,0.961938768,0.912132125,1.243145496,1.282647179,2.07672365,1.444064797,1.242792084,1.212612349,1.341533241,1.188689192,2.023410361,2.141026456,1.772452651,1.594872685,1.640539391,1.417702368,1.912745185,2.507619978,1.472905747,1.469482761,1.950760848,1.700918589,2.034660904,1.805027467,1.608739193,1.098979415,2.291936029,1.579267231,2.039649246,1.485391036,1.987511826,1.739006476,1.77567599,1.71153185,2.051702084,2.394196757,2.009663212,2.002246079,2.195839444,2.235551858,1.908361225,2.201309317,1.915770413,1.452856198,1.790206755,2.333792244,2.418385644,2.294706035,1.595574012,2.144317268,2.218577261,1.658779935,1.982006262,2.54128332,1.702330398,1.440291429,2.146519887,1.679909967,1.689005647,1.74195227,1.538888132,2.225030264,1.854406233,1.820853882,1.342429621,1.651437532,1.852637171,1.950148682,1.448068863,1.858947445,1.409048721,1.898968057,1.759024096,2.010500676,1.669305219,1.781808547,1.987970021,1.731122581,1.900910715,1.79598765,2.069106808,1.915722795,1.78061617,1.749090991,1.842950126,1.711392755,1.892122635,2.100923072,1.9384064,1.864947894,2.152089418,1.918887761,2.247301668,1.938207975,1.853301737,2.01652581,1.832866183,1.409935689,1.115833043,1.328565067,1.000338983,0.972420453,1.02343373,0.810138454,0.770827886,1.602678855,1.327205728,1.25486033,1.545076193,1.508132844,1.108676726,1.33420354,1.45619827,1.256711672,1.020393101,1.048408608,1.45181527,1.367496703,1.003810327,1.473814804,1.2738431,1.424141189,0.94187464,1.173029697,1.428204886,1.194144299,1.399240228,1.411442821,0.878744755,1.792420305,1.706568946,1.158740772,1.339216091,1.177831156,1.07560471,1.330230183,1.163761468,0.928208407,1.412295697,1.185049609
21,Northern Basin and Range,10.1.3,0.941973632,0.652544188,0.657417823,0.803676344,0.821465964,0.848873647,0.901859063,0.978457159,0.903012294,0.934429441,0.793464103,0.718478044,0.597827931,1.314023393,0.9540189,0.886806182,0.629045407,0.679975411,1.055572681,0.439639429,0.812333954,0.852251622,1.26977788,0.977880202,0.971919346,0.803111528,0.62052744,1.016957148,1.127477789,0.889036343,1.097988362,0.603213432,0.55160463,1.001432163,0.911339396,1.022866506,0.794582332,0.754127725,0.871325104,0.86183409,0.711655682,0.931896629,0.958826614,1.495391987,1.041875438,1.287650288,1.093563967,0.974248917,0.96167679,1.506975034,1.523937371,1.422459256,1.510192203,1.311836743,1.334007719,1.041602564,1.352995478,0.901717447,1.523872014,0.905620269,1.29876384,1.014977209,0.812676277,1.196248422,1.606693828,1.45414126,1.438561156,1.560704869,1.380330044,1.003246002,1.433668529,1.565170812,1.435684613,0.934121127,1.050429104,0.967858555,1.378881979,1.473785174,1.37898046,1.816297246,1.515700149,1.319779223,1.281385591,1.221923886,1.159087589,1.889259117,1.999798805,1.81338037,1.888586183,1.520075725,1.532702779,1.784475458,2.113322257,1.599798274,1.498175488,2.187220405,2.027484734,1.909919129,1.96662363,1.713251535,1.190637099,2.212535431,1.559740613,2.007492417,1.598267387,1.852409978,1.963932134,2.052321501,1.744797913,2.271511595,2.475665906,1.994291409,2.143278349,2.21568599,2.34458173,2.117541389,2.002453655,1.968615212,1.763593609,2.181187115,2.351174862,2.203646296,1.631741458,1.929044115,2.211721211,2.27392171,1.798205472,1.940405783,2.394900641,1.545868384,1.61753135,2.104627661,1.72643927,1.496216938,1.660636969,1.704201986,2.031787836,1.840467325,1.950033327,1.441914924,1.713659334,1.880262381,2.032000227,1.395109694,2.079211513,1.790971901,1.937498053,1.776862782,2.042715674,1.633714175,2.043234596,2.239846941,1.792506587,1.932458619,1.739287241,1.986000605,1.848739947,2.035599663,1.982324149,1.752007742,1.805296567,2.011449358,2.382415674,1.913392532,1.478869917,1.928397244,2.06471314,2.03720397,2.007239802,1.946322365,2.042890679,1.826178123,1.573259231,1.222070003,1.387287288,0.927103751,1.13900102,1.190185098,0.781728326,0.791163296,1.590633413,1.404155438,1.193327224,1.512153722,1.386703063,1.339074747,1.360469877,1.483109039,1.344320809,1.174173488,1.198873621,1.192944764,1.466922763,1.202897512,1.492327303,1.343894235,1.507543315,1.177171095,1.276088949,1.444341847,1.247147582,1.53689962,1.607420457,1.471608583,1.665768347,1.74037648,0.937534073,1.296636774,1.442772729,1.169652277,1.282107458,1.495667878,1.064116763,1.663770744,1.460878575
22,Wyoming Basin,10.1.4,0.801104541,0.732280772,0.619153857,0.7634166,0.661571992,0.997140694,0.985853346,0.890838121,0.860535145,0.989573838,0.973664651,0.818206817,0.752276136,0.960779536,0.868188002,1.111621291,0.469224863,0.7274737,0.886726777,0.866586736,0.718149173,0.975339986,1.051527819,0.958446956,0.958759401,0.877592239,0.76499119,1.086452281,0.937170412,0.742317015,0.944821113,0.661590576,0.527935106,1.024447924,0.942742745,0.897330062,0.567762211,0.699081738,0.840493566,0.921540732,0.616268852,0.988058734,0.878864039,1.446142742,1.470051867,1.352186937,1.100789221,1.015137957,1.144160999,1.413048111,1.478544632,1.36486813,1.863621185,1.264876631,1.513556847,1.23034817,1.187507001,0.991981024,1.610286743,0.927618259,1.432801236,1.152335056,0.828322092,1.093842118,1.369594915,1.534225278,1.604379622,1.077817147,1.141107285,1.165608262,1.688012226,1.674250321,1.278645586,0.895671823,1.171360015,1.193839695,1.71844269,1.615164809,1.151858583,1.441488541,1.595062233,1.368129221,1.430627686,1.151041861,1.350653332,1.826812701,1.751360825,1.780036304,1.690006688,1.555603402,1.573045762,1.548880988,1.71436497,1.437121368,1.502316126,2.116354912,1.949734761,1.560274304,1.666634391,1.335850074,1.286352466,1.833090859,1.457280841,1.757706902,1.458786929,1.650888509,1.722111404,2.020048045,1.840466864,2.03406868,2.220277097,1.540265328,2.03648045,2.035825087,2.035934326,1.911394367,1.480395268,1.710506863,1.780912297,2.066741922,1.875013463,1.712935266,1.441274405,1.799187004,1.844830389,1.83512225,1.706207486,1.892226017,1.993563177,1.442291708,1.449012513,1.577943213,1.610891419,1.573188582,1.428576994,1.68266589,1.571167101,1.392116378,1.812430877,1.474093212,1.60974773,1.556413262,1.592952444,1.275237274,1.757464031,1.795802445,1.82017351,1.302770143,1.518506911,1.49512872,1.789478255,1.870380019,1.579946917,1.787954227,1.384795291,1.455404333,1.670284367,1.67861605,1.717170859,1.503780445,1.574526886,1.860277998,2.02285785,1.696763677,1.154305679,1.606698519,1.634473403,1.507915015,1.65150235,1.705027592,2.032839684,1.591061977,1.49963614,1.216851324,1.271720709,0.796430965,1.10348879,0.952872889,0.846348308,0.744497496,1.247230948,1.152093829,1.129252107,1.29220112,1.008103479,1.215415277,1.025412019,1.282186487,1.043854848,1.050760497,0.95364542,1.19234895,0.959102435,1.192470183,1.349287307,1.056309464,1.05530083,0.9863845,1.227534604,0.996057374,1.102268665,1.011883806,1.293312559,1.418994153,1.285728782,1.4491199,0.940425145,1.005727714,1.41821828,1.024364624,1.043652144,1.457316053,1.167740692,1.346241872,1.374434494
23,Central Basin and Range,10.1.5,1.202720298,0.803178287,0.965611656,1.069008989,1.038418983,1.398008082,1.210369727,1.291697928,1.029467455,1.175870455,1.135778241,1.075972091,0.856793126,1.46261524,1.265689916,1.198302096,0.759896132,1.158977156,1.398849112,0.750281469,1.092577507,1.345346289,1.60553748,1.361527521,1.363913127,1.294673162,1.011736033,1.350660847,1.505538926,1.143712418,1.43054445,0.853986671,0.809594418,1.430280228,1.263522904,1.372087925,0.968795744,0.983049414,1.16034289,1.165753902,0.835149218,1.454233753,1.336720071,1.952092728,1.630671015,1.997694914,1.485606539,1.445917407,1.483584959,2.099164086,2.008393676,1.827406648,1.897923348,1.667761666,1.900814118,1.595028828,1.648915484,1.403167027,2.193421252,1.255816964,1.949297701,1.489875404,1.169465798,1.699160752,2.02779347,2.079558489,2.07940915,1.973596475,1.915717877,1.501846857,2.104136597,2.203813037,2.02728051,1.338095938,1.701161506,1.493807221,2.080403263,2.214469424,2.041365891,2.24318333,2.155863231,2.024675527,2.087705131,1.613181736,1.829040538,2.432207794,2.366962711,2.256586764,2.447592151,1.975323,2.029175578,1.963404167,2.295930013,1.997289825,1.972745481,2.528053794,2.550317133,2.26661615,2.378770568,2.073952738,1.943322777,2.626098532,2.071028387,2.387791197,2.037499748,2.211613546,2.169626302,2.55137806,2.224340004,2.682289496,2.83025673,2.37376432,2.661467252,2.486532918,2.750336941,2.551144135,2.458740008,2.446500095,2.22991294,2.461389344,2.58227052,2.374191392,1.922928577,2.566649094,2.494412358,2.592929122,2.314324413,2.638236945,2.519656435,1.808184519,2.024606573,2.356164327,1.961095964,1.548351234,1.705385601,2.21088568,2.185835136,2.106368118,2.105403871,1.880747017,2.003673672,2.052835287,2.229718169,1.867182609,2.408183535,2.199835341,2.343956096,2.071790338,2.258429131,1.877099265,2.163183232,2.451327763,2.291920103,2.089063588,2.01072309,2.08539005,2.227633443,2.347063398,2.400456672,2.185415762,2.124380987,2.375597233,2.490504728,2.06426322,1.613032564,2.180587986,2.344548305,2.126394202,2.377017204,2.375790491,2.656512159,2.206731156,1.893437735,1.487349874,1.61133675,1.08495995,1.401329944,1.470271789,1.093089682,1.108288197,1.71492247,1.590341075,1.514479102,1.635043029,1.471088299,1.66673002,1.64678687,1.644580034,1.641420692,1.452892034,1.296431492,1.168645792,1.559359328,1.570026967,1.804427497,1.54602254,1.749850654,1.549044965,1.513877611,1.622290876,1.509794363,1.766169778,1.8354408,1.921733324,1.806974659,1.8495871,1.089236646,1.58068563,1.833791089,1.502726798,1.386188761,1.94508248,1.461200495,1.951473051,1.812148783
24,Snake River Plain,10.1.8,1.058852889,0.754779243,0.737851969,0.884183425,0.925731086,0.924721231,1.070068082,1.110529639,1.077481767,1.098804331,0.929608984,0.849983776,0.743519404,1.419527836,1.137470387,1.054628467,0.681799696,0.731846206,1.102981888,0.631673387,0.8308847,0.940156273,1.349518287,1.113639929,1.08776392,0.863185686,0.731298449,1.152744432,1.246078876,1.020462958,1.180433533,0.705279577,0.646086624,1.059592774,1.068501523,1.147756551,0.900013997,0.903057441,0.931946426,0.980081579,0.84347596,0.989184245,1.039016588,1.651208664,1.199644718,1.295168833,1.213387769,1.08803084,1.074657604,1.600301842,1.649833508,1.549493609,1.837045852,1.452362779,1.484034397,1.21621326,1.476549881,0.94051242,1.6481239,0.936427563,1.432367722,1.104541244,0.854996167,1.205165827,1.614473822,1.561328807,1.515006292,1.584993747,1.43944705,1.09506053,1.514453978,1.674815084,1.483106193,0.97410261,1.090823049,1.053966755,1.532088909,1.648696498,1.416206623,1.86621039,1.679602012,1.325507947,1.294283412,1.290333442,1.125566377,1.953472888,2.077208004,1.843576184,1.942963137,1.486325606,1.579866868,1.804519519,2.18164699,1.637056732,1.627980776,2.346183042,2.210773529,2.024799776,2.093608777,1.739563148,1.201285473,2.198997003,1.578117303,2.035129986,1.515083277,1.931334393,1.996788223,2.19193533,1.813146866,2.271877621,2.574347759,1.935425663,2.170143059,2.284797683,2.509308536,2.131828862,1.90873223,1.949288885,1.927006321,2.369948916,2.511267555,2.27445997,1.719843376,2.007165104,2.24460168,2.301368301,1.87236771,1.83099017,2.413923433,1.669767341,1.632532698,2.239589077,1.786850067,1.673975334,1.744231244,1.732181333,2.045180103,1.830574947,2.111372531,1.554045355,1.862764002,2.105835964,2.151450903,1.400610323,2.173360246,1.8467251,1.986935125,1.756741226,2.042698214,1.804117655,2.156368595,2.343701093,1.811846505,2.094141884,1.762297381,2.012675412,1.970086002,2.078045732,2.015122386,1.767513765,1.868439712,2.154573935,2.579460088,2.130493578,1.398118235,1.947753506,2.12751627,2.003601284,2.021647781,2.019418892,2.029049581,1.685695355,1.673157585,1.184139675,1.472199679,1.004891191,1.209010307,1.215473776,0.785596869,0.801424839,1.64855781,1.393315511,1.333451831,1.693932169,1.322890697,1.340057598,1.35010042,1.579091993,1.333540551,1.178871441,1.206272254,1.265435693,1.412850853,1.230559968,1.546040474,1.3064579,1.447469898,1.141278766,1.3176904,1.369236489,1.255322837,1.418393028,1.627458877,1.544268558,1.706651555,1.764691657,0.847825949,1.279768649,1.467578131,1.062751607,1.257521685,1.554539462,1.14952528,1.545622149,1.47488134
25,Colorado Plateaus,10.1.6,1.217743307,1.060703132,1.154639159,1.231810832,1.171670775,1.71465184,1.318565065,1.35361872,1.138038097,1.361940584,1.523335848,1.388173699,1.318513822,1.267575566,1.309511856,1.491955093,0.901680293,1.631830187,1.40125501,1.317346716,1.26159205,1.780327891,1.580000768,1.736165734,1.603454839,1.560623146,1.38801111,1.736946973,1.461855586,1.285649486,1.50275608,1.20851842,1.088702362,1.651311179,1.426136738,1.405164488,1.021895669,1.16128561,1.309694899,1.69540722,0.962395097,1.716099735,1.60115237,2.109452767,2.304717121,2.357537558,1.925509115,1.68364869,1.780945651,2.250073775,2.140280995,2.122481068,2.174682044,2.026480042,2.477709309,1.909206721,1.877201632,1.866119077,2.546680615,1.617330353,2.239791584,1.87612314,1.781254311,1.931803083,2.228117928,2.401969873,2.682191162,2.096598511,2.13385359,1.775958939,2.555696524,2.529535253,2.220481046,1.652503519,2.185672134,2.069129796,2.556993274,2.559954679,2.237487145,2.220675128,2.533351325,2.515384125,2.5932005,1.858356064,2.202186168,2.579639358,2.448454305,2.444379033,2.308539902,2.256810674,2.035156236,2.039571299,2.243900627,2.027995929,2.109410746,2.480051331,2.582412922,2.18926955,2.250793079,2.047759092,2.291864946,2.696753469,2.24856942,2.506984061,2.205955115,2.27219673,1.914929269,2.702953654,2.285273974,2.808472513,3.078992733,2.411711107,2.86106526,2.364893623,2.660236259,2.460683543,2.528079068,2.402194705,2.266981837,2.339135029,2.370869679,2.327146928,1.908879692,2.467916225,2.316595212,2.635824558,2.494010227,2.583546882,2.45881865,1.92079359,2.037494931,1.97117738,1.752045368,1.789261551,1.703564946,2.329069313,2.009913507,1.781703923,1.98097975,1.855224313,2.072922771,1.928097457,2.008070059,1.780436232,2.23761849,2.191544986,2.336174779,1.647144427,2.112792767,1.525232981,2.134465609,1.957499468,2.42845154,2.077361854,2.080158929,1.747809528,1.865399483,2.126190463,2.171446982,2.362201427,1.745035312,2.278490129,2.283658249,1.510977869,1.531857496,1.943249217,1.855718184,2.025457302,2.288407924,2.453142044,2.864766118,2.210087506,1.993443863,1.592394809,1.51735218,1.219314342,1.560311078,1.489484793,1.176887654,1.186782574,1.581288937,1.501269921,1.656503027,1.510279449,1.460607567,1.614735487,1.622758444,1.60138965,1.592002107,1.314041224,1.111476085,1.466305248,1.38525582,1.713025997,1.954601808,1.371839173,1.742249199,1.456483453,1.555676969,1.353674117,1.560787796,1.657240949,1.643113855,1.988176126,1.589522992,1.770951831,1.018175353,1.466452886,1.748225386,1.456609373,1.537262432,2.01584238,1.769033157,1.911836123,1.705969091
26,Arizona/New Mexico Plateau,10.1.7,1.274036426,1.221755288,1.336642893,1.307296183,1.432589395,1.950430804,1.417614504,1.570871843,1.214865501,1.517262514,1.781074423,1.524702819,1.491891677,1.146876705,1.417458413,1.431486373,1.154001579,1.996849819,1.590941331,1.477352603,1.48432362,2.033813776,1.780597974,1.898232646,1.835366344,1.818829586,1.592747502,1.937509579,1.535563962,1.475258839,1.637823824,1.475083649,1.38134851,1.816901186,1.639210216,1.563567437,1.155208311,1.311323082,1.43951758,1.893444073,1.127859854,1.918601586,1.794855804,2.091830695,2.485340754,2.472465611,2.073965043,1.912377217,1.974307158,2.35155059,2.065648361,2.160456817,2.097679663,2.295752263,2.683458649,1.943903873,1.889943845,2.123907247,2.554097101,1.893127642,2.382337222,1.968618174,2.12316497,2.075508759,2.228493764,2.452569954,2.734871544,2.295053421,2.381407108,2.12995666,2.621538249,2.517631614,2.435208172,1.814694664,2.399443822,2.41375146,2.667838219,2.775267942,2.501637948,2.226635592,2.56072335,2.642093573,2.6689328,2.099156614,2.411089653,2.63542197,2.315613146,2.3524502,2.089560927,2.112985,2.012322363,1.857635026,2.172824686,1.908918388,2.171073375,2.150031675,2.352266959,1.930681679,2.060681439,1.93608122,2.278217548,2.464346289,2.405834939,2.181562554,2.211749719,2.019576812,1.58092093,2.457033026,2.048670467,2.398524658,2.838532676,2.378965074,2.759734962,2.098415882,2.357709489,1.998570955,2.361461234,2.154109703,2.303830203,2.1408872,2.092856596,2.069778927,1.728159338,2.439807817,2.084515742,2.266440577,2.425704206,2.466580385,2.066006755,1.724670322,1.879485144,1.747769998,1.476262513,1.577546853,1.482664749,2.06173659,1.840921512,1.643811792,1.55235596,1.766481865,1.777742292,1.749829077,1.650227513,1.624683327,1.962890359,1.993375611,1.967543598,1.601095964,1.901471226,1.439227369,1.882632038,1.763412767,2.312488609,1.855820596,1.862782657,1.61720867,1.534621772,1.913718582,1.839426451,2.307877467,1.652837503,2.195669287,2.074978351,1.383852838,1.475637107,1.838584863,1.555568386,1.783438076,2.019355044,2.322204817,2.637376335,1.923568704,1.883433005,1.609308801,1.364994604,1.273828528,1.505569869,1.499822567,1.244746933,1.323132846,1.527767343,1.509585619,1.737858452,1.373267268,1.420035592,1.607762039,1.642986345,1.495664607,1.490519702,1.212671897,1.294061283,1.54948332,1.332464544,1.895904722,1.925913559,1.474110579,1.766426105,1.564513134,1.632522059,1.34428073,1.595580918,1.663116439,1.565030994,1.969121066,1.648728559,1.725768148,1.080532221,1.405893292,1.631374938,1.493894424,1.587391753,1.828980611,1.677218104,1.990147211,1.699417186
27,Chihuahuan Desert,10.2.4,1.860122496,2.037666829,1.898806724,1.897352965,2.08023042,2.398511585,2.144358414,2.168207765,1.539987858,2.044058174,2.551979597,2.271314729,2.314118167,1.33425979,2.055708685,1.976113979,2.111325556,2.949374905,1.849876912,2.701927817,2.194686965,2.78124876,2.32729249,2.462477725,2.510044622,2.329837799,2.013155825,2.757934404,1.626848829,2.476501655,2.202790322,2.256508006,2.440712803,2.327717661,2.328431516,2.298090557,1.753391741,1.961648886,2.169658357,2.788714839,1.962771757,2.565692567,2.262397683,2.240959037,3.357152595,2.565475733,2.567760606,2.552785961,2.087235519,2.315122833,1.93598694,2.042231776,2.360310483,2.677523469,3.307006418,2.467253554,2.240749241,2.546119737,3.151919747,2.442497316,2.692174722,2.248710107,3.230729301,2.228803897,1.958334125,2.860765154,2.869332231,2.444657781,2.548431047,2.845436487,2.90760791,2.364867735,3.115783788,2.528936449,2.927596832,3.460908156,3.248612813,3.058023901,2.95397341,2.236708052,2.536156247,2.847404869,2.986461701,2.47410698,2.906410963,2.738645984,2.407637861,3.039178738,2.2196833,2.411510025,2.497080997,2.103897504,2.273958185,2.036058806,2.25972428,1.861324545,2.444203786,1.7469818,1.766832133,2.194430992,2.277485408,2.78883103,2.73572236,2.252728608,2.316460677,2.462755572,1.937464,2.609967172,2.557840602,2.080304138,2.46135656,2.336535638,2.652296246,2.440998518,1.884470932,1.838595787,2.495533828,1.705945012,2.819133155,2.391697517,2.041268315,2.268801831,2.296333626,2.923909064,2.191145713,2.509084721,2.739913405,2.999644785,1.905847196,1.750903152,2.176844308,1.659004265,2.101993503,2.190075658,1.690075647,2.177847411,1.844813864,1.897101594,1.592717347,1.839008603,1.611797149,1.625281101,1.823788898,2.020916831,2.382686921,2.099836859,1.740342094,2.014083746,1.900246054,2.141259555,2.33508948,2.171352785,2.40554993,2.345661659,1.792372998,1.760768192,1.594657602,1.971646348,1.678665184,2.380615384,2.208568973,2.873992767,2.616934725,2.03900474,1.926766474,2.511899717,1.717071709,1.742915968,2.22867183,2.745369372,2.972465737,1.750580718,1.844995298,1.642230119,1.480411601,1.817424472,1.923922025,1.672164604,1.495999155,1.464724244,1.509597687,1.674274985,1.744830167,1.254615931,1.134610924,1.935142161,1.725559128,1.856024603,1.550455038,1.364905978,1.785616891,2.008605817,1.673552823,2.448584184,1.949545071,1.877341627,1.793152216,1.526248084,2.062806995,1.367911975,1.620159654,1.290404225,1.612329888,1.791174766,2.378183077,2.157970949,1.476781184,1.228355285,1.993084294,1.494347552,1.866461641,1.455355933,1.882370332,1.791603707,2.011724186
28,Mojave Basin and Range,10.2.1,2.132813624,1.644428456,2.069435165,2.052254585,2.237649655,2.918732591,2.217165762,2.462425496,1.960987895,2.236332578,2.287198578,2.152129954,1.84794856,2.217442862,2.173419835,2.125747508,1.684092705,2.438342036,2.827898358,1.537394657,2.175446262,2.731484946,2.968004809,2.397542913,2.402298902,2.473629826,2.275226862,2.625560936,2.704791103,2.150073103,2.85961406,1.887861504,1.901902991,2.654194768,2.396825694,2.579815982,1.862669591,1.971982072,2.29196088,2.302466981,1.497531104,2.637953326,2.592899327,3.351648695,3.036707581,3.737612893,2.73408897,2.828824764,2.936788457,3.613578446,3.358728073,3.274120328,3.141379427,3.225233285,3.458803377,2.758836548,2.830263697,2.984332978,3.834865919,2.754059228,3.569088358,2.869079156,2.471861492,3.153195119,3.442489166,3.547824682,3.612660913,3.256560181,3.289677506,2.93485362,3.694946393,3.691130816,3.73721226,2.755008684,3.257902003,3.009863618,3.48148479,3.808682636,3.671759882,3.742367263,3.90348774,3.852849572,3.675546071,3.14200405,3.273911322,3.949055127,3.673899786,3.725115417,3.869767764,3.386295028,3.405332362,2.894460807,3.699186462,3.254779518,3.202380782,3.786714581,4.059728229,3.567370548,3.55233339,3.226704422,3.365722101,3.964111708,3.806971823,3.857792176,3.550526986,3.612975876,3.069403999,3.884735048,3.501277963,4.004767009,4.031474614,3.806160918,4.011858978,3.742451397,4.04368871,3.72498652,4.118013607,3.985492415,3.526989127,3.628483116,3.67158334,3.612178747,3.146256725,4.112537826,3.878989209,3.776642626,3.828797016,4.133978842,3.768284524,2.7729761,3.337662448,3.589967158,2.931386251,2.393941439,2.621715027,3.517444702,3.322113381,3.258021814,3.014692817,3.12755807,3.063324011,3.127003357,3.323642524,3.23503412,3.751614087,3.723873564,3.739605246,3.379101645,3.577819654,3.184112642,3.287234346,3.628486682,3.748006363,3.139270172,3.315184279,3.068823354,3.520877831,3.585839593,3.522401679,3.668708045,3.444703889,3.778527189,3.501346381,3.13934259,2.92783528,3.677621332,3.486147219,3.35072822,3.63516813,3.896510328,4.157667726,3.587034596,3.176271941,2.665837675,2.602706284,2.11404168,2.428996733,2.550191604,1.942613666,2.175692311,2.680438128,2.670288662,2.76502514,2.559584508,2.618525558,2.896427921,2.898113864,2.730138021,2.981560415,2.534328423,2.337833481,2.113995637,2.63133682,2.78997347,3.021522072,2.787868829,2.978976431,2.704314254,2.585875121,2.75718656,2.562597501,2.972297749,3.093485397,3.187974109,3.023351623,2.979291516,2.121913981,2.713939555,2.894539975,2.613465153,2.398954425,3.171324765,2.641943916,3.371992769,3.004259898
29,Sonoran Desert,10.2.2,2.456035079,2.215051208,2.557940167,2.577028296,2.85378578,3.42616009,2.817718481,2.916119555,2.543221523,2.840130549,2.909311138,2.681753949,2.512140132,2.502802399,2.778468202,2.56189069,2.250652381,3.075579922,3.328862161,2.254863779,2.781426608,3.34548718,3.409291446,2.959723655,3.038013089,3.163959384,2.884529351,3.287203483,3.118092517,2.631127255,3.348019528,2.601029099,2.577029323,3.294473332,2.922583385,3.079696679,2.091688498,2.393898467,2.838527275,2.958331082,2.052260969,3.318720818,3.041204559,3.905365333,4.035672435,4.266678971,3.429378083,3.473791901,3.41661458,4.110145908,3.857326887,3.934669332,3.851156995,3.925689883,4.174866759,3.337916203,3.497009076,3.77797981,4.239732439,3.543051825,4.207781391,3.472195595,3.346988154,3.67953631,3.773855816,4.063221554,4.342901567,3.836846692,3.914596332,3.756842616,4.42581819,4.299761705,4.464279072,3.446086912,3.922136579,3.997552875,4.195881728,4.379980248,4.263391121,3.931298085,4.270420118,4.392120316,3.969377598,3.708562065,3.860019611,4.345927772,3.946534946,4.178372049,3.875183081,3.674597652,3.958740736,2.794529577,3.879686762,3.408403753,3.790654586,3.743340321,4.090818779,3.358209577,3.706465338,3.553014383,3.6336052,4.154401366,4.314374282,3.857519801,4.072373185,3.853883601,3.104906087,4.223469519,3.676893456,4.096378446,4.156838175,4.097807857,4.344802207,3.957849044,3.983791609,3.678061914,4.422049527,4.105197179,4.054857883,4.022457538,3.732741721,3.812899294,3.285217811,4.237142172,3.728191415,3.850627595,4.168055999,4.594721969,3.484569377,3.074091842,3.486729522,3.729126231,3.163184466,2.761712869,2.636289833,3.744111285,3.254232835,3.32195439,3.141422481,3.218866871,3.062009805,3.462516708,3.139792867,3.286797615,3.805356148,3.845728277,3.592687012,3.456789486,3.665939934,3.427180649,3.285372127,3.579522295,3.947845551,3.339765982,3.654455474,3.174317739,3.467909395,3.762845635,3.346006867,4.259471992,3.69035356,4.29380346,3.794366719,3.40800554,3.02122825,3.907206788,3.361743522,3.701177239,3.42633905,4.090930465,4.512657694,3.187211666,3.655733204,3.147388311,2.965956616,2.625097117,2.692170472,2.79461684,2.376950345,2.615178365,2.981244003,3.071380526,3.334008356,2.689216443,2.83921649,3.272510149,3.195963057,3.155384394,3.219514009,2.507321651,2.81492724,2.85430285,2.984388018,3.438168244,3.625826205,3.224242376,3.339839624,3.112764699,3.281829302,2.904366916,3.158750375,3.344921313,3.532847676,3.704876073,3.664207014,3.343233635,2.828343487,2.842648977,2.924294069,2.838043901,2.976263369,3.477636789,2.905730207,3.814383905,3.08366232
30,"California Coastal Sage, Chaparral, and Oak Woodlands",11.1.1,1.296527977,0.876811719,1.170157961,1.122843191,1.169232102,1.623246168,1.107298343,1.287858543,1.289952037,1.207207937,1.170973652,1.114382335,1.011401125,1.372712879,1.052653121,0.982290907,0.812778297,1.220213193,1.615988338,0.561490827,1.078775955,1.250046984,1.753082551,1.196249005,1.185129385,1.373122424,1.051107813,1.236682159,1.428863205,1.397485184,1.473859479,0.918959935,0.938136068,1.528533877,1.474841499,1.712215899,1.029428759,1.075013083,1.212199542,1.09261711,0.794204262,1.427204255,1.564084347,1.902705302,1.4134144,2.181838508,1.162173216,1.410694335,1.610518945,1.980576818,1.635554517,1.692066448,1.564981072,1.564830141,1.750833036,1.418471131,1.382992344,1.644769109,1.891847658,1.384379256,1.74476044,1.468976457,1.058074311,1.561436459,1.803027516,1.950505315,1.700148669,1.614491882,1.646766258,1.338950181,1.927146302,1.833216616,2.168230823,1.487592922,1.467147787,1.200871522,1.809082714,2.032105995,2.09892681,2.093666421,2.028530109,1.833621603,1.846067145,1.60147404,1.83003058,2.088054305,2.129410888,2.107722185,2.188579405,1.909045046,1.861534019,2.267724308,2.237081318,1.858085538,1.655092211,2.24314824,2.164613892,2.130848475,1.930011545,1.764682077,1.747644239,2.037474499,1.903137351,2.246900759,1.963992552,1.870675943,1.860608317,1.843516112,1.866543221,2.094292588,2.360019375,2.075263397,2.26338178,2.51885566,2.110733176,2.169475827,2.357608746,1.96120577,1.669073601,2.10350437,2.428733443,2.31475881,1.831406505,2.253873818,2.353951036,2.486865524,1.989734319,2.249177032,2.543010292,1.724359205,1.882589871,2.159466876,1.851514386,1.793397397,1.933903935,1.960360536,2.057195932,1.956806628,1.943106599,1.779898903,1.854843779,1.690743162,2.212758356,1.801162395,2.245871511,2.110963304,2.237830018,1.88134972,2.30862903,1.763490843,2.00848866,2.085570842,2.030805517,1.965152226,2.011015414,2.211442872,2.02517101,2.252305939,2.247766331,2.229491861,1.985218875,1.994146875,2.580545647,2.006430533,2.009655076,2.158004932,2.163900752,2.201678801,2.220230985,2.120349749,2.373912639,2.340712859,2.10925213,1.672908326,1.750128368,1.447789073,1.730296502,2.105567318,1.274128212,1.243522489,1.822077641,1.914733545,1.561984058,1.735755742,1.958390028,1.909595075,1.889054748,1.717689864,1.771551657,1.600681495,1.822609766,1.472826697,1.803626535,1.735448479,1.741557358,1.964574552,1.974410646,2.002150542,1.664841429,1.938565649,1.591378211,2.088270878,2.133980587,1.987086757,2.096420476,2.366255823,1.775581007,1.920303851,2.04160945,1.902119608,1.764862286,1.974772875,1.695926632,2.239341723,1.994916819
31,Central California Valley,11.1.2,1.790200595,1.283776945,1.649806785,1.621301219,1.58004759,2.115014291,1.509505288,1.715259845,1.766635218,1.565309907,1.558542574,1.470445709,1.379093838,2.003088816,1.403739734,1.371420033,1.137184898,1.608284499,2.060353603,0.721275339,1.496902186,1.647296838,2.426630463,1.666896035,1.571454473,1.733289174,1.383058324,1.681664511,1.930813223,1.866157578,2.069400791,1.173579217,1.109471273,1.996883557,1.934930455,2.213001056,1.518311763,1.552736721,1.540697379,1.558230289,1.117086463,1.936412709,2.161511579,2.417702862,1.798822231,2.827745417,1.640859576,1.992681348,2.174934853,2.576705387,2.160403981,2.289201675,2.118988358,2.032594667,2.171216668,1.965550603,1.882471864,2.120199393,2.375661179,1.865603752,2.242865025,1.968804761,1.400292556,2.112206444,2.396304676,2.50836748,2.237562462,2.190329418,2.152470316,1.823476572,2.47198525,2.39041719,2.64776265,2.070218494,1.975527914,1.387938423,2.45736102,2.692491715,2.851530655,2.803508121,2.553959463,2.297996129,2.474688335,2.110993919,2.53644322,2.795766607,2.555258671,2.552887813,2.695067363,2.364771849,2.262652474,2.842030556,2.671235008,2.322254806,2.031039973,2.886197132,2.668774389,2.655113129,2.504292936,2.245069595,2.287921657,2.492406875,2.278208047,2.823103777,2.388780281,2.281082919,2.299629133,2.201003632,2.343241476,2.597799718,2.930195858,2.481600078,2.915332451,3.094181812,2.580212266,2.665944152,2.886552189,2.494139614,1.951102677,2.695743339,3.152046007,2.952188351,2.409685671,2.828795535,2.990044507,3.06914012,2.556352275,2.956165859,3.391611834,1.965946762,2.150141355,2.388397277,2.122684292,2.203100995,2.367565904,2.229271305,2.379559104,2.305463135,2.350324795,2.187907018,2.271250812,1.977199386,2.732696266,2.2242479,2.597479646,2.450317068,2.662472563,2.102830547,2.629916562,2.046532354,2.369298589,2.456771583,2.357026859,2.205821789,2.377664576,2.714972277,2.323489308,2.663231129,2.749008703,2.562803641,2.334892624,2.305095677,3.154655276,2.320563526,2.495614351,2.62793457,2.638859779,2.664672475,2.746612624,2.628588766,2.883151621,2.979986595,2.279104004,1.873939305,1.985278594,1.561404788,2.029319445,2.410869558,1.436337286,1.45280702,2.043026574,2.218228383,1.669804941,1.968915749,2.362363368,2.155996716,2.14304595,1.929423117,1.961611814,1.916119828,2.047792518,1.765979074,2.108307155,1.951465927,2.016194119,2.237707316,2.265590393,2.207691204,1.852550178,2.150254191,1.788261276,2.394057267,2.409365305,2.208212485,2.431537752,2.731382969,1.945273156,2.248015839,2.414275379,2.200995624,2.124733035,2.392828315,2.016234761,2.507923268,2.426889468
32,Southern and Baja California Pine-Oak Mountains,11.1.3,1.22012039,0.775287572,1.150463374,1.0540905,1.232241875,1.713200275,1.112953021,1.390542429,1.169891886,1.333303425,1.249476814,1.186209301,1.025943528,1.250639333,1.169330592,1.109280216,0.809923261,1.326091964,1.684143916,0.621253743,1.130469951,1.439764899,1.734074554,1.309038614,1.286271399,1.458196107,1.150918428,1.315506336,1.545483265,1.292163737,1.668767832,1.012974525,1.005290387,1.667030626,1.531168984,1.639450545,0.996229567,1.028855098,1.291012562,1.139690178,0.700106028,1.484851068,1.424645443,2.002178899,1.630466711,2.226457715,1.199286063,1.414140312,1.597661904,2.116426083,1.842873558,1.795700429,1.684288089,1.735620019,2.012289619,1.416082456,1.407627125,1.705941199,2.222187225,1.533842455,1.944383723,1.452555339,1.180151979,1.658671354,1.902864066,2.027520406,1.962614587,1.65053722,1.725722619,1.469951061,2.04157512,2.111641911,2.302104124,1.419445806,1.591877869,1.40438522,1.989078572,2.228944481,2.140243053,2.177186772,2.311522002,2.103612405,2.01525219,1.582637053,1.764735054,2.235358819,2.238786206,2.300865702,2.257386996,2.039336468,1.986553085,2.007825958,2.261263046,1.914193409,1.686023416,2.177179043,2.39233168,2.179677018,1.890044048,1.734581625,1.700331328,2.305318213,2.216722888,2.304930149,2.080895931,2.079087348,1.907062617,2.188186443,1.992001373,2.375209528,2.376953862,2.360829773,2.317129362,2.409383789,2.445029194,2.27125879,2.588669791,2.15812206,1.933578845,2.24810498,2.403456296,2.195502682,1.632253671,2.487888888,2.419015222,2.408565252,2.170526127,2.372980295,2.394074036,1.842068461,2.037106114,2.424267931,1.951216711,1.680080164,1.889296589,2.150510682,2.29836629,2.072636772,1.897509849,1.820362612,1.816304181,1.761874771,2.165638298,2.020529613,2.465891137,2.4081041,2.424484174,2.178932683,2.384195413,2.10512718,2.172176113,2.396651485,2.325648853,2.269784757,2.191349067,2.174294244,2.239396763,2.4911237,2.304416818,2.400514738,2.208311803,2.427552017,2.471278761,2.160605492,1.979635188,2.386298859,2.380018544,2.134270641,2.367162068,2.391525577,2.437058594,2.284266703,2.226561209,1.7953941,1.815649007,1.425115784,1.682982642,1.852964195,1.18002053,1.286002638,1.816398562,1.895502229,1.840740287,1.696433944,1.771061159,1.953155967,2.055893251,1.781369538,2.035765029,1.671381515,1.717294446,1.312293232,1.871466479,1.91217164,1.966260291,2.021921354,2.160154753,1.960127567,1.707972137,2.037180869,1.665871392,2.15671328,2.277410243,2.144075705,2.152779084,2.245305202,1.814460743,1.94250386,1.869158291,1.793416073,1.511161142,2.129245617,1.743423249,2.407978905,1.979855651
33,Madrean Archipelago,12.1.1,1.854646903,1.924808204,1.95265094,1.997170162,2.148642531,2.584697931,2.070823243,2.268155003,1.744859912,2.220790404,2.49063374,2.165926257,2.103963179,1.509547473,2.095007304,2.077403613,1.822929388,2.658748068,2.325218212,2.082077823,2.322453325,2.78126962,2.430494464,2.527067901,2.507197504,2.458147762,2.294625399,2.601889009,2.302831416,2.148163711,2.358455509,2.227211584,2.160137989,2.599392738,2.270118052,2.311513221,1.77333742,2.016122023,2.252058963,2.624352954,1.704033341,2.65591807,2.526130561,2.751793245,3.40165885,3.052720369,2.805341322,2.613428425,2.515425472,2.988277028,2.624968315,2.770882603,2.858339184,3.134603565,3.432495636,2.610129095,2.565494911,2.957941302,3.206206231,2.742449417,3.120003844,2.724177925,2.825394544,2.700229956,2.433813303,2.966853661,3.495429025,3.025536976,2.987784287,3.061229946,3.158629927,3.229759204,3.195012889,2.495657203,3.14508802,3.470833616,3.420640666,3.526997571,3.247531015,2.888463525,3.061525556,3.390786123,3.188522644,2.890937804,3.139352177,3.376938852,2.606763316,2.698866299,2.108735122,2.346419021,2.393411249,1.770676901,2.414365902,1.930452435,2.616778058,2.228941382,2.583608073,1.760407837,2.229718928,2.176518337,2.361212858,2.741755826,2.851637873,2.102355141,2.691740411,2.129005878,1.539251007,2.489034323,1.915285412,2.427829047,2.931193287,2.607773792,3.006977286,2.243152603,2.347047664,1.778578473,2.531649594,2.243530844,2.657598258,2.442888064,2.043240232,2.099977538,1.904226153,2.484638458,2.049756547,2.380982867,2.710888204,2.843248673,1.820556282,1.843244089,1.965928925,1.912533961,1.749502141,1.713355423,1.391541351,1.998280556,1.7920222,1.715616452,1.497715194,1.825540638,1.594001812,1.870287468,1.629649798,1.657696875,2.174456361,2.079504994,1.81801386,1.82103366,1.976009329,1.643878994,1.821429916,1.927281896,2.252384635,2.110530642,1.994555652,1.745929166,1.404506216,1.850419643,1.580112541,2.579901015,1.940961228,2.426934588,2.332559825,1.452463986,1.452965909,2.085338678,1.684731343,1.90239285,1.878923552,2.328941038,2.852786799,1.639458211,2.230409526,1.929755834,1.730596025,1.737215234,1.662753707,1.714334653,1.544403641,1.76592639,1.716158238,1.799117627,2.159731728,1.48647752,1.544846251,1.984763725,1.900759499,1.863875354,1.772594762,1.362675157,1.812446938,2.030297772,1.673448715,2.35377463,2.237726021,1.98836765,2.197391442,1.922341327,2.136711037,1.451150943,1.868995687,1.743590831,2.013427128,2.221223224,2.37111,2.080637031,1.443540364,1.359832104,1.593019404,1.651304654,1.94926676,1.958225937,1.679176646,2.302244007,1.719825663
34,Arizona/New Mexico Mountains,13.1.1,1.257955238,1.247024421,1.351948141,1.344911774,1.473860441,1.913352738,1.433397224,1.574390831,1.202689481,1.523166432,1.767277423,1.498601695,1.483247656,1.002741718,1.400212667,1.34364391,1.169726118,1.944046233,1.5639727,1.43436132,1.542321617,2.031823783,1.755622358,1.866569187,1.786718856,1.784244583,1.57698464,1.890854157,1.510722332,1.48213993,1.605758693,1.507269666,1.470071559,1.82206847,1.632477066,1.5949961,1.17745801,1.317140351,1.483475985,1.887605367,1.154178109,1.874374148,1.772058573,1.998959763,2.455815434,2.347553275,2.045269608,1.917525442,1.880987542,2.251605318,1.93624539,2.027800054,2.03692301,2.275201713,2.600805457,1.887760139,1.765263721,2.095517033,2.406235717,1.888342732,2.268640933,1.867515995,2.071591919,1.976750631,1.959941348,2.292403732,2.625996119,2.19800796,2.270062392,2.133430354,2.4239849,2.369755379,2.381824351,1.758468315,2.29718924,2.467071609,2.599102155,2.670169374,2.435677854,2.118059459,2.335045643,2.518130398,2.530144191,2.060890011,2.288012907,2.510352878,2.093451594,2.140432226,1.773463125,1.896002852,1.874431168,1.583365451,1.971999811,1.61810782,1.96066144,1.796357742,2.041584465,1.562214537,1.754707192,1.71719533,1.978365372,2.15297214,2.225894238,1.707198486,2.033467891,1.726268389,1.295234598,2.127352732,1.741337148,2.011530005,2.477505855,2.137468881,2.390376669,1.73250444,1.955667709,1.555542181,2.023876107,1.755945765,2.104607766,1.908634815,1.710667948,1.773524207,1.547245982,2.148342014,1.766876272,1.929968865,2.178663291,2.276591649,1.604683157,1.480472022,1.596403125,1.461389059,1.305537298,1.347292438,1.166181799,1.740300767,1.49363445,1.413358572,1.230964565,1.489541486,1.440163269,1.474011745,1.303161939,1.294083386,1.666805237,1.65712988,1.478639609,1.396482346,1.572732151,1.306130424,1.52973943,1.492092422,1.986891346,1.629630413,1.563578784,1.347414924,1.154660587,1.582604764,1.394289342,2.035285951,1.476813014,1.976571338,1.82917994,1.250890163,1.24121879,1.694795536,1.329217513,1.517916774,1.596068666,1.999471926,2.321557802,1.390316424,1.702251913,1.498937224,1.230532802,1.211604701,1.35280783,1.334723086,1.151087782,1.228086913,1.384468344,1.365466646,1.591234651,1.145780582,1.218297032,1.481377754,1.46429289,1.374912206,1.313072243,0.970422046,1.224303079,1.416282426,1.198997588,1.829988929,1.75525171,1.423605198,1.637968269,1.456079971,1.533479485,1.17477555,1.426069133,1.403905607,1.433167562,1.772833101,1.697109504,1.604943138,1.055567655,1.148266764,1.428936433,1.340962397,1.472740688,1.583420366,1.40023337,1.842314211,1.450653078
